collected_at,tuerkheim_q_m3s,tuerkheim_time,oberhausen_q_m3s,oberhausen_q_time,oberhausen_w_cm,oberhausen_w_time,rain_kempten_mm,rain_marktoberdorf_mm,rain_augsburg_mm,temp_kempten_c,forecast_rain_kempten_24h_mm,forecast_rain_kempten_6h_mm,biessenhofen_q_m3s,biessenhofen_q_time,biessenhofen_w_cm,biessenhofen_w_time,gruentensee_w_mnn,gruentensee_w_time,rain_oberjoch_mm,rain_kaufbeuren_mm,temp_oberjoch_c,forecast_rain_oberjoch_24h_mm,forecast_rain_oberjoch_6h_mm,singold_q_m3s,singold_q_time,singold_w_cm,singold_w_time,rain_bobingen_mm,hnd_rain_hindelang_mm,hnd_rain_hindelang_time,hnd_rain_buchloe_mm,hnd_rain_buchloe_time,hnd_rain_schwabmuenchen_mm,hnd_rain_schwabmuenchen_time,forecast_rain_nesselwang_6h_mm,forecast_rain_nesselwang_24h_mm,forecast_rain_marktoberdorf_6h_mm,forecast_rain_marktoberdorf_24h_mm,forecast_rain_bad_woerishofen_6h_mm,forecast_rain_bad_woerishofen_24h_mm,forecast_rain_tuerkheim_6h_mm,forecast_rain_tuerkheim_24h_mm,forecast_rain_schwabmuenchen_6h_mm,forecast_rain_schwabmuenchen_24h_mm,forecast_rain_bobingen_6h_mm,forecast_rain_bobingen_24h_mm,soil_moist_oberjoch_0_to_7cm,soil_moist_oberjoch_7_to_28cm,soil_moist_oberjoch_28_to_100cm,soil_moist_oberjoch_100_to_255cm,soil_moist_kaufbeuren_0_to_7cm,soil_moist_kaufbeuren_7_to_28cm,soil_moist_kaufbeuren_28_to_100cm,soil_moist_kaufbeuren_100_to_255cm,soil_moisture_time,tuerkheim_w_cm,tuerkheim_w_time,haslach_q_m3s,haslach_q_time,haslach_w_cm,haslach_w_time,wertach_q_m3s,wertach_q_time,wertach_w_cm,wertach_w_time,sebastianskapelle_q_m3s,sebastianskapelle_q_time,sebastianskapelle_w_cm,sebastianskapelle_w_time,thalhofen_q_m3s,thalhofen_q_time,thalhofen_w_cm,thalhofen_w_time,forecast_area_rain_start_date,forecast_area_rain_d0_mm,forecast_area_rain_d1_mm,forecast_area_rain_d2_mm,forecast_area_rain_d3_mm,forecast_area_rain_d4_mm,forecast_area_rain_d5_mm,forecast_area_rain_d6_mm,forecast_area_rain_d7_mm,grundwasser_bobingen_ue_nn_m,grundwasser_bobingen_flurabstand_m,grundwasser_bobingen_time
2026-09-25T22:03:04.662547+00:00,2.33,2026-09-25T23:45:00,2.5,2026-09-26T00:00:00,48.0,2026-09-26T00:00:00,0.0,0.0,0.0,7.8,,,1.17,2026-09-25T23:45:00,72.0,2026-09-25T23:45:00,874.63,2026-09-26T00:00:00,0.0,0.0,10.5,0.0,0.0,0.86,2026-09-25T23:45:00,55.0,2026-09-25T23:45:00,0.0,0.0,2026-09-25T23:50:00,0.0,2026-09-25T23:55:00,0.0,2026-09-25T23:55:00,0.0,0.0,0.0,0.0,0.0,0.0,0.0,0.0,0.0,0.0,0.0,0.0,0.238,0.221,0.164,0.322,0.16,0.189,0.146,0.277,2026-09-26T00:00,46.0,2026-09-25T23:45:00,0.499,2026-09-25T23:45:00,57.0,2026-09-25T23:45:00,0.229,2026-09-25T23:45:00,12.0,2026-09-25T23:45:00,0.193,2026-09-25T23:45:00,30.0,2026-09-25T23:45:00,1.4,2026-09-25T23:45:00,29.0,2026-09-25T23:45:00,2026-09-26,0.0,0.0,0.0,0.0,0.0,0.0,24.96,0.37,503.11,13.49,2026-09-25T11:00:00
2026-09-25T22:15:00+00:00,2.33,2026-09-26T00:15:00,2.5,2026-09-26T00:15:00,48.0,2026-09-26T00:15:00,0.0,0.0,0.0,8.0,,,1.17,2026-09-26T00:15:00,72.0,2026-09-26T00:15:00,,,0.0,0.0,7.7,,,,,,,0.0,,,,,,,,,,,,,,,,,,,0.238,0.221,0.164,0.322,0.164,0.19,0.146,0.277,,46.0,2026-09-26T00:15:00,0.541,2026-09-26T00:15:00,58.0,2026-09-26T00:15:00,0.229,2026-09-26T00:15:00,12.0,2026-09-26T00:15:00,0.193,2026-09-26T00:15:00,30.0,2026-09-26T00:15:00,1.4,2026-09-26T00:15:00,29.0,2026-09-26T00:15:00,,,,,,,,,,,,
2026-09-25T22:16:15.770066+00:00,2.33,2026-09-26T00:00:00,2.5,2026-09-26T00:00:00,48.0,2026-09-26T00:00:00,0.0,0.0,0.0,7.6,,,1.17,2026-09-26T00:00:00,72.0,2026-09-26T00:00:00,874.6,2026-09-26T00:00:00,0.0,0.0,10.5,0.0,0.0,0.82,2026-09-26T00:00:00,54.0,2026-09-26T00:00:00,0.0,0.0,2026-09-26T00:00:00,0.0,2026-09-25T23:55:00,0.0,2026-09-26T00:05:00,0.0,0.0,0.0,0.0,0.0,0.0,0.0,0.0,0.0,0.0,0.0,0.0,0.238,0.221,0.164,0.322,0.16,0.189,0.146,0.277,2026-09-26T00:00,46.0,2026-09-26T00:00:00,0.499,2026-09-26T00:00:00,57.0,2026-09-26T00:00:00,0.229,2026-09-26T00:00:00,12.0,2026-09-26T00:00:00,0.193,2026-09-26T00:00:00,30.0,2026-09-26T00:00:00,1.4,2026-09-26T00:00:00,29.0,2026-09-26T00:00:00,2026-09-26,0.0,0.0,0.0,0.0,0.0,0.0,24.96,0.37,503.11,13.49,2026-09-25T11:00:00
2026-09-25T22:33:53.174044+00:00,2.33,2026-09-26T00:30:00,2.5,2026-09-26T00:30:00,48.0,2026-09-26T00:30:00,0.0,0.0,0.0,8.2,,,1.17,2026-09-26T00:30:00,72.0,2026-09-26T00:30:00,874.6,2026-09-26T00:30:00,0.0,0.0,10.2,0.0,0.0,0.86,2026-09-26T00:30:00,55.0,2026-09-26T00:30:00,0.0,0.0,2026-09-26T00:15:00,0.0,2026-09-26T00:25:00,0.0,2026-09-26T00:25:00,0.0,0.0,0.0,0.0,0.0,0.0,0.0,0.0,0.0,0.0,0.0,0.0,0.238,0.221,0.164,0.322,0.16,0.189,0.146,0.277,2026-09-26T00:00,46.0,2026-09-26T00:30:00,0.541,2026-09-26T00:30:00,58.0,2026-09-26T00:30:00,0.229,2026-09-26T00:15:00,12.0,2026-09-26T00:15:00,0.15,2026-09-26T00:30:00,29.0,2026-09-26T00:30:00,1.4,2026-09-26T00:30:00,29.0,2026-09-26T00:30:00,2026-09-26,0.0,0.0,0.0,0.0,0.0,0.0,24.96,0.37,503.11,13.49,2026-09-25T11:00:00
2026-09-25T22:45:00+00:00,2.33,2026-09-26T00:45:00,2.5,2026-09-26T00:45:00,48.0,2026-09-26T00:45:00,0.0,0.0,0.0,8.0,,,1.17,2026-09-26T00:45:00,72.0,2026-09-26T00:45:00,,,0.0,0.0,7.7,,,,,,,0.0,,,,,,,,,,,,,,,,,,,0.238,0.221,0.164,0.322,0.164,0.19,0.146,0.277,,46.0,2026-09-26T00:45:00,0.541,2026-09-26T00:45:00,58.0,2026-09-26T00:45:00,0.229,2026-09-26T00:45:00,12.0,2026-09-26T00:45:00,0.15,2026-09-26T00:45:00,29.0,2026-09-26T00:45:00,1.4,2026-09-26T00:45:00,29.0,2026-09-26T00:45:00,,,,,,,,,,,,
2026-09-25T22:47:33.730016+00:00,2.33,2026-09-26T00:30:00,2.5,2026-09-26T00:45:00,48.0,2026-09-26T00:45:00,0.0,0.0,0.0,8.0,,,1.17,2026-09-26T00:30:00,72.0,2026-09-26T00:30:00,874.6,2026-09-26T00:30:00,0.0,0.0,10.3,0.0,0.0,0.86,2026-09-26T00:30:00,55.0,2026-09-26T00:30:00,0.0,0.0,2026-09-26T00:30:00,0.0,2026-09-26T00:25:00,0.0,2026-09-26T00:35:00,0.0,0.0,0.0,0.0,0.0,0.0,0.0,0.0,0.0,0.0,0.0,0.0,0.238,0.221,0.164,0.322,0.16,0.189,0.146,0.277,2026-09-26T00:00,46.0,2026-09-26T00:30:00,0.541,2026-09-26T00:30:00,58.0,2026-09-26T00:30:00,0.229,2026-09-26T00:15:00,12.0,2026-09-26T00:15:00,0.15,2026-09-26T00:30:00,29.0,2026-09-26T00:30:00,1.4,2026-09-26T00:30:00,29.0,2026-09-26T00:30:00,2026-09-26,0.0,0.0,0.0,0.0,0.0,0.0,24.96,0.37,503.11,13.49,2026-09-25T11:00:00
2026-09-25T23:00:00+00:00,2.33,2026-09-26T01:00:00,2.5,2026-09-26T01:00:00,48.0,2026-09-26T01:00:00,0.0,0.0,0.0,7.4,,,1.17,2026-09-26T01:00:00,72.0,2026-09-26T01:00:00,,,0.0,0.0,8.1,,,,,,,0.0,,,,,,,,,,,,,,,,,,,0.238,0.221,0.164,0.322,0.164,0.19,0.146,0.277,,46.0,2026-09-26T01:00:00,0.541,2026-09-26T01:00:00,58.0,2026-09-26T01:00:00,0.229,2026-09-26T01:00:00,12.0,2026-09-26T01:00:00,0.15,2026-09-26T01:00:00,29.0,2026-09-26T01:00:00,1.29,2026-09-26T01:00:00,28.0,2026-09-26T01:00:00,,,,,,,,,,,,
2026-09-25T23:15:00+00:00,2.49,2026-09-26T01:15:00,2.5,2026-09-26T01:15:00,48.0,2026-09-26T01:15:00,0.0,0.0,0.0,7.4,,,1.17,2026-09-26T01:15:00,72.0,2026-09-26T01:15:00,,,0.0,0.0,8.1,,,,,,,0.0,,,,,,,,,,,,,,,,,,,0.238,0.221,0.164,0.322,0.164,0.19,0.146,0.277,,47.0,2026-09-26T01:15:00,0.541,2026-09-26T01:15:00,58.0,2026-09-26T01:15:00,0.229,2026-09-26T01:15:00,12.0,2026-09-26T01:15:00,0.15,2026-09-26T01:15:00,29.0,2026-09-26T01:15:00,1.29,2026-09-26T01:15:00,28.0,2026-09-26T01:15:00,,,,,,,,,,,,
2026-09-25T23:30:00+00:00,2.49,2026-09-26T01:30:00,2.5,2026-09-26T01:30:00,48.0,2026-09-26T01:30:00,0.0,0.0,0.0,7.4,,,1.3,2026-09-26T01:30:00,73.0,2026-09-26T01:30:00,,,0.0,0.0,8.1,,,,,,,0.0,,,,,,,,,,,,,,,,,,,0.238,0.221,0.164,0.322,0.164,0.19,0.146,0.277,,47.0,2026-09-26T01:30:00,0.541,2026-09-26T01:30:00,58.0,2026-09-26T01:30:00,0.229,2026-09-26T01:30:00,12.0,2026-09-26T01:30:00,0.15,2026-09-26T01:30:00,29.0,2026-09-26T01:30:00,1.29,2026-09-26T01:30:00,28.0,2026-09-26T01:30:00,,,,,,,,,,,,
2026-09-25T23:45:00+00:00,2.49,2026-09-26T01:45:00,2.5,2026-09-26T01:45:00,48.0,2026-09-26T01:45:00,0.0,0.0,0.0,7.4,,,1.3,2026-09-26T01:45:00,73.0,2026-09-26T01:45:00,,,0.0,0.0,8.1,,,,,,,0.0,,,,,,,,,,,,,,,,,,,0.238,0.221,0.164,0.322,0.164,0.19,0.146,0.277,,47.0,2026-09-26T01:45:00,0.541,2026-09-26T01:45:00,58.0,2026-09-26T01:45:00,0.229,2026-09-26T01:45:00,12.0,2026-09-26T01:45:00,0.15,2026-09-26T01:45:00,29.0,2026-09-26T01:45:00,1.19,2026-09-26T01:45:00,27.0,2026-09-26T01:45:00,,,,,,,,,,,,
2026-09-26T00:00:00+00:00,2.49,2026-09-26T02:00:00,2.5,2026-09-26T02:00:00,48.0,2026-09-26T02:00:00,0.0,0.0,0.0,6.4,,,1.3,2026-09-26T02:00:00,73.0,2026-09-26T02:00:00,,,0.0,0.0,7.4,,,,,,,0.0,,,,,,,,,,,,,,,,,,,0.238,0.221,0.165,0.322,0.181,0.197,0.146,0.277,,47.0,2026-09-26T02:00:00,0.541,2026-09-26T02:00:00,58.0,2026-09-26T02:00:00,0.229,2026-09-26T02:00:00,12.0,2026-09-26T02:00:00,0.15,2026-09-26T02:00:00,29.0,2026-09-26T02:00:00,1.19,2026-09-26T02:00:00,27.0,2026-09-26T02:00:00,,,,,,,,,,,,
2026-09-26T00:15:00+00:00,2.49,2026-09-26T02:15:00,2.5,2026-09-26T02:15:00,48.0,2026-09-26T02:15:00,0.0,0.0,0.0,6.4,,,1.3,2026-09-26T02:15:00,73.0,2026-09-26T02:15:00,,,0.0,0.0,7.4,,,,,,,0.0,,,,,,,,,,,,,,,,,,,0.238,0.221,0.165,0.322,0.181,0.197,0.146,0.277,,47.0,2026-09-26T02:15:00,0.541,2026-09-26T02:15:00,58.0,2026-09-26T02:15:00,0.229,2026-09-26T02:15:00,12.0,2026-09-26T02:15:00,0.15,2026-09-26T02:15:00,29.0,2026-09-26T02:15:00,1.19,2026-09-26T02:15:00,27.0,2026-09-26T02:15:00,,,,,,,,,,,,
2026-09-26T00:30:00+00:00,2.49,2026-09-26T02:30:00,2.5,2026-09-26T02:30:00,48.0,2026-09-26T02:30:00,0.0,0.0,0.0,6.4,,,1.3,2026-09-26T02:30:00,73.0,2026-09-26T02:30:00,,,0.0,0.0,7.4,,,,,,,0.0,,,,,,,,,,,,,,,,,,,0.238,0.221,0.165,0.322,0.181,0.197,0.146,0.277,,47.0,2026-09-26T02:30:00,0.541,2026-09-26T02:30:00,58.0,2026-09-26T02:30:00,0.229,2026-09-26T02:30:00,12.0,2026-09-26T02:30:00,0.15,2026-09-26T02:30:00,29.0,2026-09-26T02:30:00,1.29,2026-09-26T02:30:00,28.0,2026-09-26T02:30:00,,,,,,,,,,,,
2026-09-26T01:00:00+00:00,2.65,2026-09-26T03:00:00,2.5,2026-09-26T03:00:00,48.0,2026-09-26T03:00:00,0.0,0.0,0.0,6.5,,,1.3,2026-09-26T03:00:00,73.0,2026-09-26T03:00:00,,,0.0,0.0,8.4,,,,,,,0.0,,,,,,,,,,,,,,,,,,,0.238,0.221,0.165,0.322,0.181,0.197,0.146,0.277,,48.0,2026-09-26T03:00:00,0.541,2026-09-26T03:00:00,58.0,2026-09-26T03:00:00,0.229,2026-09-26T03:00:00,12.0,2026-09-26T03:00:00,0.15,2026-09-26T03:00:00,29.0,2026-09-26T03:00:00,1.29,2026-09-26T03:00:00,28.0,2026-09-26T03:00:00,,,,,,,,,,,,
2026-09-26T01:02:24.778052+00:00,2.49,2026-09-26T02:45:00,2.5,2026-09-26T03:00:00,48.0,2026-09-26T03:00:00,0.0,0.0,0.0,7.4,,,1.3,2026-09-26T02:45:00,73.0,2026-09-26T02:45:00,874.6,2026-09-26T02:45:00,0.0,0.0,11.1,0.0,0.0,0.86,2026-09-26T02:45:00,55.0,2026-09-26T02:45:00,0.0,0.0,2026-09-26T02:45:00,0.0,2026-09-26T02:55:00,0.0,2026-09-26T02:50:00,0.0,0.0,0.0,0.0,0.0,0.0,0.0,0.0,0.0,0.0,0.0,0.0,0.238,0.221,0.164,0.322,0.164,0.19,0.146,0.277,2026-09-26T01:00,47.0,2026-09-26T02:45:00,0.541,2026-09-26T02:45:00,58.0,2026-09-26T02:45:00,0.229,2026-09-26T00:15:00,12.0,2026-09-26T00:15:00,0.15,2026-09-26T02:45:00,29.0,2026-09-26T02:45:00,1.29,2026-09-26T02:45:00,28.0,2026-09-26T02:45:00,2026-09-26,0.0,0.0,0.0,0.0,0.0,0.0,24.96,0.37,503.11,13.49,2026-09-25T11:00:00
2026-09-26T01:30:21.916895+00:00,2.65,2026-09-26T03:15:00,2.5,2026-09-26T03:15:00,48.0,2026-09-26T03:15:00,0.0,0.0,0.0,8.1,,,1.3,2026-09-26T03:15:00,73.0,2026-09-26T03:15:00,874.6,2026-09-26T03:15:00,0.0,0.0,10.9,0.0,0.0,0.82,2026-09-26T03:15:00,54.0,2026-09-26T03:15:00,0.0,0.0,2026-09-26T03:15:00,0.0,2026-09-26T03:25:00,0.0,2026-09-26T03:20:00,0.0,0.0,0.0,0.0,0.0,0.0,0.0,0.0,0.0,0.0,0.0,0.0,0.238,0.221,0.164,0.322,0.164,0.19,0.146,0.277,2026-09-26T01:00,48.0,2026-09-26T03:15:00,0.541,2026-09-26T03:15:00,58.0,2026-09-26T03:15:00,0.229,2026-09-26T00:15:00,12.0,2026-09-26T00:15:00,0.15,2026-09-26T03:15:00,29.0,2026-09-26T03:15:00,1.29,2026-09-26T03:15:00,28.0,2026-09-26T03:15:00,2026-09-26,0.0,0.0,0.0,0.0,0.0,0.0,24.96,0.37,503.11,13.49,2026-09-25T11:00:00
2026-09-26T01:45:04.440459+00:00,2.65,2026-09-26T03:30:00,2.5,2026-09-26T03:30:00,48.0,2026-09-26T03:30:00,0.0,0.0,0.0,8.0,,,1.3,2026-09-26T03:30:00,73.0,2026-09-26T03:30:00,874.6,2026-09-26T03:30:00,0.0,0.0,10.8,0.0,0.0,0.86,2026-09-26T03:30:00,55.0,2026-09-26T03:30:00,0.0,0.0,2026-09-26T03:30:00,0.0,2026-09-26T03:25:00,0.0,2026-09-26T03:35:00,0.0,0.0,0.0,0.0,0.0,0.0,0.0,0.0,0.0,0.0,0.0,0.0,0.238,0.221,0.164,0.322,0.164,0.19,0.146,0.277,2026-09-26T01:00,48.0,2026-09-26T03:30:00,0.541,2026-09-26T03:30:00,58.0,2026-09-26T03:30:00,0.229,2026-09-26T00:15:00,12.0,2026-09-26T00:15:00,0.15,2026-09-26T03:30:00,29.0,2026-09-26T03:30:00,1.4,2026-09-26T03:30:00,29.0,2026-09-26T03:30:00,2026-09-26,0.0,0.0,0.0,0.0,0.0,0.0,24.96,0.37,503.11,13.49,2026-09-25T11:00:00
2026-09-26T01:57:02.462655+00:00,2.65,2026-09-26T03:45:00,2.5,2026-09-26T03:45:00,48.0,2026-09-26T03:45:00,0.0,0.0,0.0,8.0,,,1.3,2026-09-26T03:45:00,73.0,2026-09-26T03:45:00,874.6,2026-09-26T03:45:00,0.0,0.0,10.8,0.0,0.0,0.86,2026-09-26T03:45:00,55.0,2026-09-26T03:45:00,0.0,0.0,2026-09-26T03:45:00,0.0,2026-09-26T03:25:00,0.0,2026-09-26T03:45:00,0.0,0.0,0.0,0.0,0.0,0.0,0.0,0.0,0.0,0.0,0.0,0.0,0.238,0.221,0.164,0.322,0.164,0.19,0.146,0.277,2026-09-26T01:00,48.0,2026-09-26T03:45:00,0.541,2026-09-26T03:45:00,58.0,2026-09-26T03:45:00,0.229,2026-09-26T00:15:00,12.0,2026-09-26T00:15:00,0.15,2026-09-26T03:45:00,29.0,2026-09-26T03:45:00,1.4,2026-09-26T03:45:00,29.0,2026-09-26T03:45:00,2026-09-26,0.0,0.0,0.0,0.0,0.0,0.0,24.96,0.37,503.11,13.49,2026-09-25T11:00:00
2026-09-26T02:00:00+00:00,2.65,2026-09-26T04:00:00,2.5,2026-09-26T04:00:00,48.0,2026-09-26T04:00:00,0.0,0.0,0.0,6.3,,,1.17,2026-09-26T04:00:00,72.0,2026-09-26T04:00:00,,,0.0,0.0,9.2,,,,,,,0.0,,,,,,,,,,,,,,,,,,,0.238,0.221,0.165,0.322,0.181,0.197,0.146,0.277,,48.0,2026-09-26T04:00:00,0.541,2026-09-26T04:00:00,58.0,2026-09-26T04:00:00,0.229,2026-09-26T04:00:00,12.0,2026-09-26T04:00:00,0.15,2026-09-26T04:00:00,29.0,2026-09-26T04:00:00,1.4,2026-09-26T04:00:00,29.0,2026-09-26T04:00:00,,,,,,,,,,,,
2026-09-26T02:15:00+00:00,2.65,2026-09-26T04:15:00,2.5,2026-09-26T04:15:00,48.0,2026-09-26T04:15:00,0.0,0.0,0.0,6.3,,,1.3,2026-09-26T04:15:00,73.0,2026-09-26T04:15:00,,,0.0,0.0,9.2,,,,,,,0.0,,,,,,,,,,,,,,,,,,,0.238,0.221,0.165,0.322,0.181,0.197,0.146,0.277,,48.0,2026-09-26T04:15:00,0.541,2026-09-26T04:15:00,58.0,2026-09-26T04:15:00,0.229,2026-09-26T04:15:00,12.0,2026-09-26T04:15:00,0.15,2026-09-26T04:15:00,29.0,2026-09-26T04:15:00,1.4,2026-09-26T04:15:00,29.0,2026-09-26T04:15:00,,,,,,,,,,,,
2026-09-26T02:30:00+00:00,2.65,2026-09-26T04:30:00,2.5,2026-09-26T04:30:00,48.0,2026-09-26T04:30:00,0.0,0.0,0.0,6.3,,,1.3,2026-09-26T04:30:00,73.0,2026-09-26T04:30:00,,,0.0,0.0,9.2,,,,,,,0.0,,,,,,,,,,,,,,,,,,,0.238,0.221,0.165,0.322,0.181,0.197,0.146,0.277,,48.0,2026-09-26T04:30:00,0.541,2026-09-26T04:30:00,58.0,2026-09-26T04:30:00,0.229,2026-09-26T04:30:00,12.0,2026-09-26T04:30:00,0.15,2026-09-26T04:30:00,29.0,2026-09-26T04:30:00,1.29,2026-09-26T04:30:00,28.0,2026-09-26T04:30:00,,,,,,,,,,,,
2026-09-26T02:45:00+00:00,2.65,2026-09-26T04:45:00,2.5,2026-09-26T04:45:00,48.0,2026-09-26T04:45:00,0.0,0.0,0.0,6.3,,,1.3,2026-09-26T04:45:00,73.0,2026-09-26T04:45:00,,,0.0,0.0,9.2,,,,,,,0.0,,,,,,,,,,,,,,,,,,,0.238,0.221,0.165,0.322,0.181,0.197,0.146,0.277,,48.0,2026-09-26T04:45:00,0.541,2026-09-26T04:45:00,58.0,2026-09-26T04:45:00,0.229,2026-09-26T04:45:00,12.0,2026-09-26T04:45:00,0.15,2026-09-26T04:45:00,29.0,2026-09-26T04:45:00,1.29,2026-09-26T04:45:00,28.0,2026-09-26T04:45:00,,,,,,,,,,,,
2026-09-26T03:00:00+00:00,2.65,2026-09-26T05:00:00,2.5,2026-09-26T05:00:00,48.0,2026-09-26T05:00:00,0.0,0.0,0.0,6.7,,,1.3,2026-09-26T05:00:00,73.0,2026-09-26T05:00:00,,,0.0,0.0,9.3,,,,,,,0.0,,,,,,,,,,,,,,,,,,,0.238,0.221,0.165,0.322,0.181,0.197,0.146,0.277,,48.0,2026-09-26T05:00:00,0.541,2026-09-26T05:00:00,58.0,2026-09-26T05:00:00,0.229,2026-09-26T05:00:00,12.0,2026-09-26T05:00:00,0.15,2026-09-26T05:00:00,29.0,2026-09-26T05:00:00,1.29,2026-09-26T05:00:00,28.0,2026-09-26T05:00:00,,,,,,,,,,,,
2026-09-26T03:15:00+00:00,2.65,2026-09-26T05:15:00,2.5,2026-09-26T05:15:00,48.0,2026-09-26T05:15:00,0.0,0.0,0.0,6.7,,,1.3,2026-09-26T05:15:00,73.0,2026-09-26T05:15:00,,,0.0,0.0,9.3,,,,,,,0.0,,,,,,,,,,,,,,,,,,,0.238,0.221,0.165,0.322,0.181,0.197,0.146,0.277,,48.0,2026-09-26T05:15:00,0.541,2026-09-26T05:15:00,58.0,2026-09-26T05:15:00,0.229,2026-09-26T05:15:00,12.0,2026-09-26T05:15:00,0.15,2026-09-26T05:15:00,29.0,2026-09-26T05:15:00,1.19,2026-09-26T05:15:00,27.0,2026-09-26T05:15:00,,,,,,,,,,,,
2026-09-26T03:30:00+00:00,2.65,2026-09-26T05:30:00,2.5,2026-09-26T05:30:00,48.0,2026-09-26T05:30:00,0.0,0.0,0.0,6.7,,,1.3,2026-09-26T05:30:00,73.0,2026-09-26T05:30:00,,,0.0,0.0,9.3,,,,,,,0.0,,,,,,,,,,,,,,,,,,,0.238,0.221,0.165,0.322,0.181,0.197,0.146,0.277,,48.0,2026-09-26T05:30:00,0.541,2026-09-26T05:30:00,58.0,2026-09-26T05:30:00,0.229,2026-09-26T05:30:00,12.0,2026-09-26T05:30:00,0.15,2026-09-26T05:30:00,29.0,2026-09-26T05:30:00,1.19,2026-09-26T05:30:00,27.0,2026-09-26T05:30:00,,,,,,,,,,,,
2026-09-26T03:45:00+00:00,2.65,2026-09-26T05:45:00,2.5,2026-09-26T05:45:00,48.0,2026-09-26T05:45:00,0.0,0.0,0.0,6.7,,,1.3,2026-09-26T05:45:00,73.0,2026-09-26T05:45:00,,,0.0,0.0,9.3,,,,,,,0.0,,,,,,,,,,,,,,,,,,,0.238,0.221,0.165,0.322,0.181,0.197,0.146,0.277,,48.0,2026-09-26T05:45:00,0.541,2026-09-26T05:45:00,58.0,2026-09-26T05:45:00,0.229,2026-09-26T05:45:00,12.0,2026-09-26T05:45:00,0.15,2026-09-26T05:45:00,29.0,2026-09-26T05:45:00,1.19,2026-09-26T05:45:00,27.0,2026-09-26T05:45:00,,,,,,,,,,,,
2026-09-26T04:00:00+00:00,2.65,2026-09-26T06:00:00,2.5,2026-09-26T06:00:00,48.0,2026-09-26T06:00:00,0.0,0.0,0.0,7.3,,,1.3,2026-09-26T06:00:00,73.0,2026-09-26T06:00:00,,,0.0,0.0,9.2,,,,,,,0.0,,,,,,,,,,,,,,,,,,,0.237,0.221,0.165,0.322,0.181,0.197,0.146,0.277,,48.0,2026-09-26T06:00:00,0.541,2026-09-26T06:00:00,58.0,2026-09-26T06:00:00,0.229,2026-09-26T06:00:00,12.0,2026-09-26T06:00:00,0.15,2026-09-26T06:00:00,29.0,2026-09-26T06:00:00,1.19,2026-09-26T06:00:00,27.0,2026-09-26T06:00:00,,,,,,,,,,,,
2026-09-26T04:15:00+00:00,2.65,2026-09-26T06:15:00,2.5,2026-09-26T06:15:00,48.0,2026-09-26T06:15:00,0.0,0.0,0.0,7.3,,,1.17,2026-09-26T06:15:00,72.0,2026-09-26T06:15:00,,,0.0,0.0,9.2,,,,,,,0.0,,,,,,,,,,,,,,,,,,,0.237,0.221,0.165,0.322,0.181,0.197,0.146,0.277,,48.0,2026-09-26T06:15:00,0.541,2026-09-26T06:15:00,58.0,2026-09-26T06:15:00,0.229,2026-09-26T06:15:00,12.0,2026-09-26T06:15:00,0.15,2026-09-26T06:15:00,29.0,2026-09-26T06:15:00,1.19,2026-09-26T06:15:00,27.0,2026-09-26T06:15:00,,,,,,,,,,,,
2026-09-26T04:30:00+00:00,2.65,2026-09-26T06:30:00,2.5,2026-09-26T06:30:00,48.0,2026-09-26T06:30:00,0.0,0.0,0.0,7.3,,,1.17,2026-09-26T06:30:00,72.0,2026-09-26T06:30:00,,,0.0,0.0,9.2,,,,,,,0.0,,,,,,,,,,,,,,,,,,,0.237,0.221,0.165,0.322,0.181,0.197,0.146,0.277,,48.0,2026-09-26T06:30:00,0.541,2026-09-26T06:30:00,58.0,2026-09-26T06:30:00,0.229,2026-09-26T06:30:00,12.0,2026-09-26T06:30:00,0.15,2026-09-26T06:30:00,29.0,2026-09-26T06:30:00,1.19,2026-09-26T06:30:00,27.0,2026-09-26T06:30:00,,,,,,,,,,,,
2026-09-26T04:45:00+00:00,2.65,2026-09-26T06:45:00,2.5,2026-09-26T06:45:00,48.0,2026-09-26T06:45:00,0.0,0.0,0.0,7.3,,,1.17,2026-09-26T06:45:00,72.0,2026-09-26T06:45:00,,,0.0,0.0,9.2,,,,,,,0.0,,,,,,,,,,,,,,,,,,,0.237,0.221,0.165,0.322,0.181,0.197,0.146,0.277,,48.0,2026-09-26T06:45:00,0.541,2026-09-26T06:45:00,58.0,2026-09-26T06:45:00,0.229,2026-09-26T06:45:00,12.0,2026-09-26T06:45:00,0.15,2026-09-26T06:45:00,29.0,2026-09-26T06:45:00,1.19,2026-09-26T06:45:00,27.0,2026-09-26T06:45:00,,,,,,,,,,,,
2026-09-26T05:00:00+00:00,2.65,2026-09-26T07:00:00,2.5,2026-09-26T07:00:00,48.0,2026-09-26T07:00:00,0.0,0.0,0.0,7.6,,,1.17,2026-09-26T07:00:00,72.0,2026-09-26T07:00:00,,,0.0,0.0,9.0,,,,,,,0.0,,,,,,,,,,,,,,,,,,,0.237,0.221,0.165,0.322,0.181,0.197,0.146,0.277,,48.0,2026-09-26T07:00:00,0.541,2026-09-26T07:00:00,58.0,2026-09-26T07:00:00,0.229,2026-09-26T07:00:00,12.0,2026-09-26T07:00:00,0.15,2026-09-26T07:00:00,29.0,2026-09-26T07:00:00,1.19,2026-09-26T07:00:00,27.0,2026-09-26T07:00:00,,,,,,,,,,,,
2026-09-26T05:15:00+00:00,2.65,2026-09-26T07:15:00,2.5,2026-09-26T07:15:00,48.0,2026-09-26T07:15:00,0.0,0.0,0.0,7.6,,,1.17,2026-09-26T07:15:00,72.0,2026-09-26T07:15:00,,,0.0,0.0,9.0,,,,,,,0.0,,,,,,,,,,,,,,,,,,,0.237,0.221,0.165,0.322,0.181,0.197,0.146,0.277,,48.0,2026-09-26T07:15:00,0.541,2026-09-26T07:15:00,58.0,2026-09-26T07:15:00,0.229,2026-09-26T07:15:00,12.0,2026-09-26T07:15:00,0.15,2026-09-26T07:15:00,29.0,2026-09-26T07:15:00,1.19,2026-09-26T07:15:00,27.0,2026-09-26T07:15:00,,,,,,,,,,,,
2026-09-26T05:30:00+00:00,2.65,2026-09-26T07:30:00,2.5,2026-09-26T07:30:00,48.0,2026-09-26T07:30:00,0.0,0.0,0.0,7.6,,,1.17,2026-09-26T07:30:00,72.0,2026-09-26T07:30:00,,,0.0,0.0,9.0,,,,,,,0.0,,,,,,,,,,,,,,,,,,,0.237,0.221,0.165,0.322,0.181,0.197,0.146,0.277,,48.0,2026-09-26T07:30:00,0.541,2026-09-26T07:30:00,58.0,2026-09-26T07:30:00,0.229,2026-09-26T07:30:00,12.0,2026-09-26T07:30:00,0.15,2026-09-26T07:30:00,29.0,2026-09-26T07:30:00,1.1,2026-09-26T07:30:00,26.0,2026-09-26T07:30:00,,,,,,,,,,,,
2026-09-26T05:45:00+00:00,2.65,2026-09-26T07:45:00,2.5,2026-09-26T07:45:00,48.0,2026-09-26T07:45:00,0.0,0.0,0.0,7.6,,,1.3,2026-09-26T07:45:00,73.0,2026-09-26T07:45:00,,,0.0,0.0,9.0,,,,,,,0.0,,,,,,,,,,,,,,,,,,,0.237,0.221,0.165,0.322,0.181,0.197,0.146,0.277,,48.0,2026-09-26T07:45:00,0.541,2026-09-26T07:45:00,58.0,2026-09-26T07:45:00,0.229,2026-09-26T07:45:00,12.0,2026-09-26T07:45:00,0.15,2026-09-26T07:45:00,29.0,2026-09-26T07:45:00,1.1,2026-09-26T07:45:00,26.0,2026-09-26T07:45:00,,,,,,,,,,,,
2026-09-26T06:00:00+00:00,2.65,2026-09-26T08:00:00,2.5,2026-09-26T08:00:00,48.0,2026-09-26T08:00:00,0.0,0.0,0.0,8.8,,,1.3,2026-09-26T08:00:00,73.0,2026-09-26T08:00:00,,,0.0,0.0,10.6,,,,,,,0.0,,,,,,,,,,,,,,,,,,,0.237,0.221,0.165,0.322,0.181,0.197,0.146,0.277,,48.0,2026-09-26T08:00:00,0.541,2026-09-26T08:00:00,58.0,2026-09-26T08:00:00,0.229,2026-09-26T08:00:00,12.0,2026-09-26T08:00:00,0.15,2026-09-26T08:00:00,29.0,2026-09-26T08:00:00,1.1,2026-09-26T08:00:00,26.0,2026-09-26T08:00:00,,,,,,,,,,,,
2026-09-26T06:15:00+00:00,2.65,2026-09-26T08:15:00,2.5,2026-09-26T08:15:00,48.0,2026-09-26T08:15:00,0.0,0.0,0.0,8.8,,,1.3,2026-09-26T08:15:00,73.0,2026-09-26T08:15:00,,,0.0,0.0,10.6,,,,,,,0.0,,,,,,,,,,,,,,,,,,,0.237,0.221,0.165,0.322,0.181,0.197,0.146,0.277,,48.0,2026-09-26T08:15:00,0.541,2026-09-26T08:15:00,58.0,2026-09-26T08:15:00,0.229,2026-09-26T08:15:00,12.0,2026-09-26T08:15:00,0.15,2026-09-26T08:15:00,29.0,2026-09-26T08:15:00,1.19,2026-09-26T08:15:00,27.0,2026-09-26T08:15:00,,,,,,,,,,,,
2026-09-26T06:45:00+00:00,2.65,2026-09-26T08:45:00,2.5,2026-09-26T08:45:00,48.0,2026-09-26T08:45:00,0.0,0.0,0.0,8.8,,,1.3,2026-09-26T08:45:00,73.0,2026-09-26T08:45:00,,,0.0,0.0,10.6,,,,,,,0.0,,,,,,,,,,,,,,,,,,,0.237,0.221,0.165,0.322,0.181,0.197,0.146,0.277,,48.0,2026-09-26T08:45:00,0.541,2026-09-26T08:45:00,58.0,2026-09-26T08:45:00,0.229,2026-09-26T08:45:00,12.0,2026-09-26T08:45:00,0.193,2026-09-26T08:45:00,30.0,2026-09-26T08:45:00,1.29,2026-09-26T08:45:00,28.0,2026-09-26T08:45:00,,,,,,,,,,,,
2026-09-26T06:47:40.442190+00:00,2.65,2026-09-26T08:30:00,2.5,2026-09-26T08:30:00,48.0,2026-09-26T08:30:00,0.0,0.0,0.0,10.0,,,1.3,2026-09-26T08:30:00,73.0,2026-09-26T08:30:00,874.6,2026-09-26T08:30:00,0.0,0.0,13.2,0.0,0.0,0.82,2026-09-26T08:45:00,54.0,2026-09-26T08:45:00,0.0,0.0,2026-09-26T08:30:00,0.0,2026-09-26T08:25:00,0.0,2026-09-26T08:35:00,0.0,0.0,0.0,0.0,0.0,0.0,0.0,0.0,0.0,0.0,0.0,0.0,0.237,0.221,0.164,0.322,0.164,0.19,0.146,0.277,2026-09-26T06:00,48.0,2026-09-26T08:30:00,0.541,2026-09-26T08:30:00,58.0,2026-09-26T08:30:00,0.229,2026-09-26T00:15:00,12.0,2026-09-26T00:15:00,0.15,2026-09-26T08:30:00,29.0,2026-09-26T08:30:00,1.19,2026-09-26T08:30:00,27.0,2026-09-26T08:30:00,2026-09-26,0.0,0.0,0.0,0.0,0.0,0.0,18.79,0.09,503.11,13.49,2026-09-25T11:00:00
2026-09-26T07:00:00+00:00,2.65,2026-09-26T09:00:00,2.5,2026-09-26T09:00:00,48.0,2026-09-26T09:00:00,0.0,0.0,0.0,12.2,,,1.3,2026-09-26T09:00:00,73.0,2026-09-26T09:00:00,,,0.0,0.0,14.6,,,,,,,0.0,,,,,,,,,,,,,,,,,,,0.237,0.221,0.165,0.322,0.18,0.196,0.146,0.277,,48.0,2026-09-26T09:00:00,0.541,2026-09-26T09:00:00,58.0,2026-09-26T09:00:00,0.229,2026-09-26T09:00:00,12.0,2026-09-26T09:00:00,0.193,2026-09-26T09:00:00,30.0,2026-09-26T09:00:00,1.29,2026-09-26T09:00:00,28.0,2026-09-26T09:00:00,,,,,,,,,,,,
2026-09-26T07:15:00+00:00,2.65,2026-09-26T09:15:00,2.5,2026-09-26T09:15:00,48.0,2026-09-26T09:15:00,0.0,0.0,0.0,12.2,,,1.3,2026-09-26T09:15:00,73.0,2026-09-26T09:15:00,,,0.0,0.0,14.6,,,,,,,0.0,,,,,,,,,,,,,,,,,,,0.237,0.221,0.165,0.322,0.18,0.196,0.146,0.277,,48.0,2026-09-26T09:15:00,0.541,2026-09-26T09:15:00,58.0,2026-09-26T09:15:00,0.229,2026-09-26T09:15:00,12.0,2026-09-26T09:15:00,0.256,2026-09-26T09:15:00,31.0,2026-09-26T09:15:00,1.29,2026-09-26T09:15:00,28.0,2026-09-26T09:15:00,,,,,,,,,,,,
2026-09-26T07:36:30.812040+00:00,2.65,2026-09-26T09:30:00,2.5,2026-09-26T09:30:00,48.0,2026-09-26T09:30:00,0.0,0.0,0.0,12.9,,,1.17,2026-09-26T09:30:00,72.0,2026-09-26T09:30:00,874.6,2026-09-26T09:30:00,0.0,0.0,14.9,0.0,0.0,0.82,2026-09-26T09:30:00,54.0,2026-09-26T09:30:00,0.0,0.0,2026-09-26T09:20:00,0.0,2026-09-26T09:25:00,0.0,2026-09-26T09:25:00,0.0,0.0,0.0,0.0,0.0,0.0,0.0,0.0,0.0,0.0,0.0,0.0,0.237,0.221,0.165,0.322,0.181,0.197,0.146,0.277,2026-09-26T07:00,48.0,2026-09-26T09:30:00,0.541,2026-09-26T09:30:00,58.0,2026-09-26T09:30:00,0.229,2026-09-26T00:15:00,12.0,2026-09-26T00:15:00,0.256,2026-09-26T09:30:00,31.0,2026-09-26T09:30:00,1.29,2026-09-26T09:30:00,28.0,2026-09-26T09:30:00,2026-09-26,0.0,0.0,0.0,0.0,0.0,0.0,18.79,0.0,503.11,13.49,2026-09-25T11:00:00
2026-09-26T07:53:24.574830+00:00,2.65,2026-09-26T09:45:00,2.5,2026-09-26T09:45:00,48.0,2026-09-26T09:45:00,0.0,0.0,0.0,13.9,,,1.17,2026-09-26T09:45:00,72.0,2026-09-26T09:45:00,874.6,2026-09-26T09:45:00,0.0,0.0,15.5,0.0,0.0,0.86,2026-09-26T09:45:00,55.0,2026-09-26T09:45:00,0.0,0.0,2026-09-26T09:40:00,0.0,2026-09-26T09:25:00,0.0,2026-09-26T09:45:00,0.0,0.0,0.0,0.0,0.0,0.0,0.0,0.0,0.0,0.0,0.0,0.0,0.237,0.221,0.165,0.322,0.181,0.197,0.146,0.277,2026-09-26T07:00,48.0,2026-09-26T09:45:00,0.541,2026-09-26T09:45:00,58.0,2026-09-26T09:45:00,0.229,2026-09-26T00:15:00,12.0,2026-09-26T00:15:00,0.256,2026-09-26T09:45:00,31.0,2026-09-26T09:45:00,1.19,2026-09-26T09:45:00,27.0,2026-09-26T09:45:00,2026-09-26,0.0,0.0,0.0,0.0,0.0,0.0,18.79,0.0,503.11,13.49,2026-09-25T11:00:00
2026-09-26T07:59:11.695233+00:00,2.65,2026-09-26T09:45:00,2.5,2026-09-26T09:45:00,48.0,2026-09-26T09:45:00,0.0,0.0,0.0,13.9,,,1.17,2026-09-26T09:45:00,72.0,2026-09-26T09:45:00,874.6,2026-09-26T09:45:00,0.0,0.0,15.5,0.0,0.0,0.86,2026-09-26T09:45:00,55.0,2026-09-26T09:45:00,0.0,0.0,2026-09-26T09:45:00,0.0,2026-09-26T09:25:00,0.0,2026-09-26T09:50:00,0.0,0.0,0.0,0.0,0.0,0.0,0.0,0.0,0.0,0.0,0.0,0.0,0.237,0.221,0.165,0.322,0.181,0.197,0.146,0.277,2026-09-26T07:00,48.0,2026-09-26T09:45:00,0.541,2026-09-26T09:45:00,58.0,2026-09-26T09:45:00,0.229,2026-09-26T00:15:00,12.0,2026-09-26T00:15:00,0.256,2026-09-26T09:45:00,31.0,2026-09-26T09:45:00,1.19,2026-09-26T09:45:00,27.0,2026-09-26T09:45:00,2026-09-26,0.0,0.0,0.0,0.0,0.0,0.0,18.79,0.0,503.11,13.49,2026-09-25T11:00:00
2026-09-26T08:00:00+00:00,2.65,2026-09-26T10:00:00,2.5,2026-09-26T10:00:00,48.0,2026-09-26T10:00:00,0.0,0.0,0.0,16.8,,,1.17,2026-09-26T10:00:00,72.0,2026-09-26T10:00:00,,,0.0,0.0,17.1,,,,,,,0.0,,,,,,,,,,,,,,,,,,,0.236,0.221,0.165,0.322,0.18,0.196,0.146,0.277,,48.0,2026-09-26T10:00:00,0.541,2026-09-26T10:00:00,58.0,2026-09-26T10:00:00,0.229,2026-09-26T10:00:00,12.0,2026-09-26T10:00:00,0.256,2026-09-26T10:00:00,31.0,2026-09-26T10:00:00,1.19,2026-09-26T10:00:00,27.0,2026-09-26T10:00:00,,,,,,,,,,,,
2026-09-26T08:15:00+00:00,2.83,2026-09-26T10:15:00,2.5,2026-09-26T10:15:00,48.0,2026-09-26T10:15:00,0.0,0.0,0.0,16.8,,,1.17,2026-09-26T10:15:00,72.0,2026-09-26T10:15:00,,,0.0,0.0,17.1,,,,,,,0.0,,,,,,,,,,,,,,,,,,,0.236,0.221,0.165,0.322,0.18,0.196,0.146,0.277,,49.0,2026-09-26T10:15:00,0.541,2026-09-26T10:15:00,58.0,2026-09-26T10:15:00,0.229,2026-09-26T10:15:00,12.0,2026-09-26T10:15:00,0.256,2026-09-26T10:15:00,31.0,2026-09-26T10:15:00,1.19,2026-09-26T10:15:00,27.0,2026-09-26T10:15:00,,,,,,,,,,,,
2026-09-26T08:30:00+00:00,3.02,2026-09-26T10:30:00,2.5,2026-09-26T10:30:00,48.0,2026-09-26T10:30:00,0.0,0.0,0.0,16.8,,,1.17,2026-09-26T10:30:00,72.0,2026-09-26T10:30:00,,,0.0,0.0,17.1,,,,,,,0.0,,,,,,,,,,,,,,,,,,,0.236,0.221,0.165,0.322,0.18,0.196,0.146,0.277,,50.0,2026-09-26T10:30:00,0.541,2026-09-26T10:30:00,58.0,2026-09-26T10:30:00,0.229,2026-09-26T10:30:00,12.0,2026-09-26T10:30:00,0.256,2026-09-26T10:30:00,31.0,2026-09-26T10:30:00,1.19,2026-09-26T10:30:00,27.0,2026-09-26T10:30:00,,,,,,,,,,,,
2026-09-26T08:45:00+00:00,3.02,2026-09-26T10:45:00,2.5,2026-09-26T10:45:00,48.0,2026-09-26T10:45:00,0.0,0.0,0.0,16.8,,,1.17,2026-09-26T10:45:00,72.0,2026-09-26T10:45:00,,,0.0,0.0,17.1,,,,,,,0.0,,,,,,,,,,,,,,,,,,,0.236,0.221,0.165,0.322,0.18,0.196,0.146,0.277,,50.0,2026-09-26T10:45:00,0.541,2026-09-26T10:45:00,58.0,2026-09-26T10:45:00,0.229,2026-09-26T10:45:00,12.0,2026-09-26T10:45:00,0.256,2026-09-26T10:45:00,31.0,2026-09-26T10:45:00,1.19,2026-09-26T10:45:00,27.0,2026-09-26T10:45:00,,,,,,,,,,,,
2026-09-26T09:00:00+00:00,3.02,2026-09-26T11:00:00,2.36,2026-09-26T11:00:00,47.0,2026-09-26T11:00:00,0.0,0.0,0.0,19.2,,,1.17,2026-09-26T11:00:00,72.0,2026-09-26T11:00:00,,,0.0,0.0,18.6,,,,,,,0.0,,,,,,,,,,,,,,,,,,,0.235,0.22,0.165,0.322,0.178,0.196,0.146,0.277,,50.0,2026-09-26T11:00:00,0.541,2026-09-26T11:00:00,58.0,2026-09-26T11:00:00,0.229,2026-09-26T11:00:00,12.0,2026-09-26T11:00:00,0.256,2026-09-26T11:00:00,31.0,2026-09-26T11:00:00,1.19,2026-09-26T11:00:00,27.0,2026-09-26T11:00:00,,,,,,,,,,,,
2026-09-26T09:15:00+00:00,3.02,2026-09-26T11:15:00,2.5,2026-09-26T11:15:00,48.0,2026-09-26T11:15:00,0.0,0.0,0.0,18.8,,,1.17,2026-09-26T11:15:00,72.0,2026-09-26T11:15:00,,,0.0,0.0,18.6,,,,,,,0.0,,,,,,,,,,,,,,,,,,,0.235,0.22,0.167,0.322,0.2,0.205,0.147,0.277,,50.0,2026-09-26T11:15:00,0.541,2026-09-26T11:15:00,58.0,2026-09-26T11:15:00,0.229,2026-09-26T11:15:00,12.0,2026-09-26T11:15:00,0.256,2026-09-26T11:15:00,31.0,2026-09-26T11:15:00,1.19,2026-09-26T11:15:00,27.0,2026-09-26T11:15:00,,,,,,,,,,,,
2026-09-26T09:30:00+00:00,3.02,2026-09-26T11:30:00,2.5,2026-09-26T11:30:00,48.0,2026-09-26T11:30:00,0.0,0.0,0.0,18.8,,,1.17,2026-09-26T11:30:00,72.0,2026-09-26T11:30:00,,,0.0,0.0,18.6,,,,,,,0.0,,,,,,,,,,,,,,,,,,,0.235,0.22,0.167,0.322,0.2,0.205,0.147,0.277,,50.0,2026-09-26T11:30:00,0.541,2026-09-26T11:30:00,58.0,2026-09-26T11:30:00,0.229,2026-09-26T11:30:00,12.0,2026-09-26T11:30:00,0.256,2026-09-26T11:30:00,31.0,2026-09-26T11:30:00,1.1,2026-09-26T11:30:00,26.0,2026-09-26T11:30:00,,,,,,,,,,,,
2026-09-26T09:45:00+00:00,2.83,2026-09-26T11:45:00,2.5,2026-09-26T11:45:00,48.0,2026-09-26T11:45:00,0.0,0.0,0.0,18.8,,,1.17,2026-09-26T11:45:00,72.0,2026-09-26T11:45:00,,,0.0,0.0,18.6,,,,,,,0.0,,,,,,,,,,,,,,,,,,,0.235,0.22,0.167,0.322,0.2,0.205,0.147,0.277,,49.0,2026-09-26T11:45:00,0.541,2026-09-26T11:45:00,58.0,2026-09-26T11:45:00,0.229,2026-09-26T11:45:00,12.0,2026-09-26T11:45:00,0.256,2026-09-26T11:45:00,31.0,2026-09-26T11:45:00,1.1,2026-09-26T11:45:00,26.0,2026-09-26T11:45:00,,,,,,,,,,,,
2026-09-26T10:00:00+00:00,2.83,2026-09-26T12:00:00,2.5,2026-09-26T12:00:00,48.0,2026-09-26T12:00:00,0.0,0.0,0.0,20.0,,,1.17,2026-09-26T12:00:00,72.0,2026-09-26T12:00:00,,,0.0,0.0,19.4,,,,,,,0.0,,,,,,,,,,,,,,,,,,,0.233,0.22,0.167,0.322,0.198,0.204,0.147,0.277,,49.0,2026-09-26T12:00:00,0.541,2026-09-26T12:00:00,58.0,2026-09-26T12:00:00,0.229,2026-09-26T12:00:00,12.0,2026-09-26T12:00:00,0.256,2026-09-26T12:00:00,31.0,2026-09-26T12:00:00,1.1,2026-09-26T12:00:00,26.0,2026-09-26T12:00:00,,,,,,,,,,,,
2026-09-26T10:15:00+00:00,2.83,2026-09-26T12:15:00,2.5,2026-09-26T12:15:00,48.0,2026-09-26T12:15:00,0.0,0.0,0.0,20.0,,,1.17,2026-09-26T12:15:00,72.0,2026-09-26T12:15:00,,,0.0,0.0,19.4,,,,,,,0.0,,,,,,,,,,,,,,,,,,,0.233,0.22,0.167,0.322,0.198,0.204,0.147,0.277,,49.0,2026-09-26T12:15:00,0.541,2026-09-26T12:15:00,58.0,2026-09-26T12:15:00,0.229,2026-09-26T12:15:00,12.0,2026-09-26T12:15:00,0.256,2026-09-26T12:15:00,31.0,2026-09-26T12:15:00,1.1,2026-09-26T12:15:00,26.0,2026-09-26T12:15:00,,,,,,,,,,,,
2026-09-26T10:30:00+00:00,2.65,2026-09-26T12:30:00,2.5,2026-09-26T12:30:00,48.0,2026-09-26T12:30:00,0.0,0.0,0.0,20.0,,,1.17,2026-09-26T12:30:00,72.0,2026-09-26T12:30:00,,,0.0,0.0,19.4,,,,,,,0.0,,,,,,,,,,,,,,,,,,,0.233,0.22,0.167,0.322,0.198,0.204,0.147,0.277,,48.0,2026-09-26T12:30:00,0.541,2026-09-26T12:30:00,58.0,2026-09-26T12:30:00,0.229,2026-09-26T12:30:00,12.0,2026-09-26T12:30:00,0.256,2026-09-26T12:30:00,31.0,2026-09-26T12:30:00,1.1,2026-09-26T12:30:00,26.0,2026-09-26T12:30:00,,,,,,,,,,,,
2026-09-26T10:45:00+00:00,2.65,2026-09-26T12:45:00,2.5,2026-09-26T12:45:00,48.0,2026-09-26T12:45:00,0.0,0.0,0.0,20.0,,,1.17,2026-09-26T12:45:00,72.0,2026-09-26T12:45:00,,,0.0,0.0,19.4,,,,,,,0.0,,,,,,,,,,,,,,,,,,,0.233,0.22,0.167,0.322,0.198,0.204,0.147,0.277,,48.0,2026-09-26T12:45:00,0.541,2026-09-26T12:45:00,58.0,2026-09-26T12:45:00,0.229,2026-09-26T12:45:00,12.0,2026-09-26T12:45:00,0.256,2026-09-26T12:45:00,31.0,2026-09-26T12:45:00,1.1,2026-09-26T12:45:00,26.0,2026-09-26T12:45:00,,,,,,,,,,,,
2026-09-26T11:00:00+00:00,2.65,2026-09-26T13:00:00,2.5,2026-09-26T13:00:00,48.0,2026-09-26T13:00:00,0.0,0.0,0.0,21.0,,,1.17,2026-09-26T13:00:00,72.0,2026-09-26T13:00:00,,,0.0,0.0,20.0,,,,,,,0.0,,,,,,,,,,,,,,,,,,,0.231,0.219,0.167,0.322,0.195,0.204,0.147,0.277,,48.0,2026-09-26T13:00:00,0.541,2026-09-26T13:00:00,58.0,2026-09-26T13:00:00,0.229,2026-09-26T13:00:00,12.0,2026-09-26T13:00:00,0.256,2026-09-26T13:00:00,31.0,2026-09-26T13:00:00,1.1,2026-09-26T13:00:00,26.0,2026-09-26T13:00:00,,,,,,,,,,,,
2026-09-26T11:15:00+00:00,2.65,2026-09-26T13:15:00,2.5,2026-09-26T13:15:00,48.0,2026-09-26T13:15:00,0.0,0.0,0.0,21.0,,,1.17,2026-09-26T13:15:00,72.0,2026-09-26T13:15:00,,,0.0,0.0,20.0,,,,,,,0.0,,,,,,,,,,,,,,,,,,,0.231,0.219,0.167,0.322,0.195,0.204,0.147,0.277,,48.0,2026-09-26T13:15:00,0.541,2026-09-26T13:15:00,58.0,2026-09-26T13:15:00,0.229,2026-09-26T13:15:00,12.0,2026-09-26T13:15:00,0.256,2026-09-26T13:15:00,31.0,2026-09-26T13:15:00,1.1,2026-09-26T13:15:00,26.0,2026-09-26T13:15:00,,,,,,,,,,,,
2026-09-26T11:30:00+00:00,2.65,2026-09-26T13:30:00,2.5,2026-09-26T13:30:00,48.0,2026-09-26T13:30:00,0.0,0.0,0.0,21.0,,,1.17,2026-09-26T13:30:00,72.0,2026-09-26T13:30:00,,,0.0,0.0,20.0,,,,,,,0.0,,,,,,,,,,,,,,,,,,,0.231,0.219,0.167,0.322,0.195,0.204,0.147,0.277,,48.0,2026-09-26T13:30:00,0.541,2026-09-26T13:30:00,58.0,2026-09-26T13:30:00,0.229,2026-09-26T13:30:00,12.0,2026-09-26T13:30:00,0.256,2026-09-26T13:30:00,31.0,2026-09-26T13:30:00,1.1,2026-09-26T13:30:00,26.0,2026-09-26T13:30:00,,,,,,,,,,,,
2026-09-26T11:55:01.552473+00:00,2.65,2026-09-26T13:45:00,2.36,2026-09-26T13:45:00,47.0,2026-09-26T13:45:00,0.0,0.0,0.0,22.3,,,1.17,2026-09-26T13:45:00,72.0,2026-09-26T13:45:00,874.6,2026-09-26T13:45:00,0.0,0.0,20.1,0.0,0.0,0.82,2026-09-26T13:45:00,54.0,2026-09-26T13:45:00,0.0,0.0,2026-09-26T13:40:00,0.0,2026-09-26T13:25:00,0.0,2026-09-26T13:45:00,0.0,0.0,0.0,0.0,0.0,0.0,0.0,0.0,0.0,0.0,0.0,0.0,0.235,0.22,0.165,0.322,0.178,0.196,0.146,0.277,2026-09-26T11:00,48.0,2026-09-26T13:45:00,0.541,2026-09-26T13:45:00,58.0,2026-09-26T13:45:00,0.229,2026-09-26T00:15:00,12.0,2026-09-26T00:15:00,0.256,2026-09-26T13:45:00,31.0,2026-09-26T13:45:00,1.1,2026-09-26T13:45:00,26.0,2026-09-26T13:45:00,2026-09-26,0.0,0.0,0.0,0.0,0.0,0.0,18.79,0.0,503.11,13.49,2026-09-26T11:00:00
2026-09-26T12:00:00+00:00,2.65,2026-09-26T14:00:00,2.5,2026-09-26T14:00:00,48.0,2026-09-26T14:00:00,0.0,0.0,0.0,22.2,,,1.3,2026-09-26T14:00:00,73.0,2026-09-26T14:00:00,,,0.0,0.0,21.0,,,,,,,0.0,,,,,,,,,,,,,,,,,,,0.231,0.22,0.171,0.322,0.171,0.193,0.147,0.276,,48.0,2026-09-26T14:00:00,0.541,2026-09-26T14:00:00,58.0,2026-09-26T14:00:00,0.229,2026-09-26T14:00:00,12.0,2026-09-26T14:00:00,0.256,2026-09-26T14:00:00,31.0,2026-09-26T14:00:00,1.1,2026-09-26T14:00:00,26.0,2026-09-26T14:00:00,,,,,,,,,,,,
2026-09-26T12:15:00+00:00,2.65,2026-09-26T14:15:00,2.5,2026-09-26T14:15:00,48.0,2026-09-26T14:15:00,0.0,0.0,0.0,22.2,,,1.3,2026-09-26T14:15:00,73.0,2026-09-26T14:15:00,,,0.0,0.0,21.0,,,,,,,0.0,,,,,,,,,,,,,,,,,,,0.231,0.22,0.171,0.322,0.171,0.193,0.147,0.276,,48.0,2026-09-26T14:15:00,0.541,2026-09-26T14:15:00,58.0,2026-09-26T14:15:00,0.229,2026-09-26T14:15:00,12.0,2026-09-26T14:15:00,0.256,2026-09-26T14:15:00,31.0,2026-09-26T14:15:00,1.1,2026-09-26T14:15:00,26.0,2026-09-26T14:15:00,,,,,,,,,,,,
2026-09-26T12:30:00+00:00,2.65,2026-09-26T14:30:00,2.5,2026-09-26T14:30:00,48.0,2026-09-26T14:30:00,0.0,0.0,0.0,22.2,,,1.17,2026-09-26T14:30:00,72.0,2026-09-26T14:30:00,,,0.0,0.0,21.0,,,,,,,0.0,,,,,,,,,,,,,,,,,,,0.231,0.22,0.171,0.322,0.171,0.193,0.147,0.276,,48.0,2026-09-26T14:30:00,0.541,2026-09-26T14:30:00,58.0,2026-09-26T14:30:00,0.229,2026-09-26T14:30:00,12.0,2026-09-26T14:30:00,0.256,2026-09-26T14:30:00,31.0,2026-09-26T14:30:00,1.1,2026-09-26T14:30:00,26.0,2026-09-26T14:30:00,,,,,,,,,,,,
2026-09-26T13:01:55.075301+00:00,2.65,2026-09-26T14:45:00,2.5,2026-09-26T14:45:00,48.0,2026-09-26T14:45:00,0.0,0.0,0.0,22.9,,,1.17,2026-09-26T14:45:00,72.0,2026-09-26T14:45:00,874.6,2026-09-26T14:45:00,0.0,0.0,20.3,0.0,0.0,0.86,2026-09-26T14:45:00,55.0,2026-09-26T14:45:00,0.0,0.0,2026-09-26T14:45:00,0.0,2026-09-26T14:55:00,0.0,2026-09-26T14:50:00,0.0,0.0,0.0,0.0,0.0,0.0,0.0,0.0,0.0,0.0,0.0,0.0,,,,,,,,,,48.0,2026-09-26T14:45:00,0.541,2026-09-26T14:45:00,58.0,2026-09-26T14:45:00,0.229,2026-09-26T00:15:00,12.0,2026-09-26T00:15:00,0.256,2026-09-26T14:45:00,31.0,2026-09-26T14:45:00,1.1,2026-09-26T14:45:00,26.0,2026-09-26T14:45:00,2026-09-26,0.0,0.0,0.0,0.0,0.0,0.0,18.79,0.0,503.11,13.49,2026-09-26T11:00:00
2026-09-26T13:15:29.605621+00:00,2.65,2026-09-26T15:00:00,2.36,2026-09-26T15:00:00,47.0,2026-09-26T15:00:00,0.0,0.0,0.0,22.9,,,1.17,2026-09-26T15:00:00,72.0,2026-09-26T15:00:00,874.6,2026-09-26T15:00:00,0.0,0.0,20.2,0.0,0.0,0.86,2026-09-26T15:00:00,55.0,2026-09-26T15:00:00,0.0,0.0,2026-09-26T14:55:00,0.0,2026-09-26T14:55:00,0.0,2026-09-26T15:05:00,0.0,0.0,0.0,0.0,0.0,0.0,0.0,0.0,0.0,0.0,0.0,0.0,0.231,0.219,0.167,0.322,0.195,0.204,0.147,0.277,2026-09-26T13:00,48.0,2026-09-26T15:00:00,0.541,2026-09-26T15:00:00,58.0,2026-09-26T15:00:00,0.229,2026-09-26T00:15:00,12.0,2026-09-26T00:15:00,0.193,2026-09-26T15:00:00,30.0,2026-09-26T15:00:00,1.1,2026-09-26T15:00:00,26.0,2026-09-26T15:00:00,2026-09-26,0.0,0.0,0.0,0.0,0.0,0.0,18.79,0.0,503.11,13.49,2026-09-26T11:00:00
2026-09-26T13:22:03.246546+00:00,2.65,2026-09-26T15:15:00,2.36,2026-09-26T15:15:00,47.0,2026-09-26T15:15:00,0.0,0.0,0.0,22.9,,,1.17,2026-09-26T15:15:00,72.0,2026-09-26T15:15:00,874.6,2026-09-26T15:15:00,0.0,0.0,20.2,0.0,0.0,0.82,2026-09-26T15:15:00,54.0,2026-09-26T15:15:00,0.0,0.0,2026-09-26T15:05:00,0.0,2026-09-26T14:55:00,0.0,2026-09-26T15:10:00,0.0,0.0,0.0,0.0,0.0,0.0,0.0,0.0,0.0,0.0,0.0,0.0,0.231,0.219,0.167,0.322,0.195,0.204,0.147,0.277,2026-09-26T13:00,48.0,2026-09-26T15:15:00,0.541,2026-09-26T15:15:00,58.0,2026-09-26T15:15:00,0.229,2026-09-26T00:15:00,12.0,2026-09-26T00:15:00,0.193,2026-09-26T15:15:00,30.0,2026-09-26T15:15:00,1.19,2026-09-26T15:15:00,27.0,2026-09-26T15:15:00,2026-09-26,0.0,0.0,0.0,0.0,0.0,0.0,18.79,0.0,503.11,13.49,2026-09-26T11:00:00
2026-09-26T13:30:00+00:00,2.65,2026-09-26T15:30:00,2.36,2026-09-26T15:30:00,47.0,2026-09-26T15:30:00,0.0,0.0,0.0,22.5,,,1.17,2026-09-26T15:30:00,72.0,2026-09-26T15:30:00,,,0.0,0.0,20.9,,,,,,,0.0,,,,,,,,,,,,,,,,,,,0.229,0.22,0.171,0.322,0.169,0.192,0.147,0.276,,48.0,2026-09-26T15:30:00,0.541,2026-09-26T15:30:00,58.0,2026-09-26T15:30:00,0.229,2026-09-26T15:30:00,12.0,2026-09-26T15:30:00,0.193,2026-09-26T15:30:00,30.0,2026-09-26T15:30:00,1.19,2026-09-26T15:30:00,27.0,2026-09-26T15:30:00,,,,,,,,,,,,
2026-09-26T13:45:00+00:00,2.65,2026-09-26T15:45:00,2.36,2026-09-26T15:45:00,47.0,2026-09-26T15:45:00,0.0,0.0,0.0,22.5,,,1.17,2026-09-26T15:45:00,72.0,2026-09-26T15:45:00,,,0.0,0.0,20.9,,,,,,,0.0,,,,,,,,,,,,,,,,,,,0.229,0.22,0.171,0.322,0.169,0.192,0.147,0.276,,48.0,2026-09-26T15:45:00,0.541,2026-09-26T15:45:00,58.0,2026-09-26T15:45:00,0.229,2026-09-26T15:45:00,12.0,2026-09-26T15:45:00,0.193,2026-09-26T15:45:00,30.0,2026-09-26T15:45:00,1.29,2026-09-26T15:45:00,28.0,2026-09-26T15:45:00,,,,,,,,,,,,
2026-09-26T14:00:00+00:00,2.65,2026-09-26T16:00:00,2.5,2026-09-26T16:00:00,48.0,2026-09-26T16:00:00,0.0,0.0,0.0,22.3,,,1.3,2026-09-26T16:00:00,73.0,2026-09-26T16:00:00,,,0.0,0.0,20.4,,,,,,,0.0,,,,,,,,,,,,,,,,,,,0.227,0.219,0.171,0.322,0.167,0.192,0.147,0.276,,48.0,2026-09-26T16:00:00,0.541,2026-09-26T16:00:00,58.0,2026-09-26T16:00:00,0.229,2026-09-26T16:00:00,12.0,2026-09-26T16:00:00,0.193,2026-09-26T16:00:00,30.0,2026-09-26T16:00:00,1.19,2026-09-26T16:00:00,27.0,2026-09-26T16:00:00,,,,,,,,,,,,
2026-09-26T14:15:00+00:00,2.65,2026-09-26T16:15:00,2.36,2026-09-26T16:15:00,47.0,2026-09-26T16:15:00,0.0,0.0,0.0,22.3,,,1.3,2026-09-26T16:15:00,73.0,2026-09-26T16:15:00,,,0.0,0.0,20.4,,,,,,,0.0,,,,,,,,,,,,,,,,,,,0.227,0.219,0.171,0.322,0.167,0.192,0.147,0.276,,48.0,2026-09-26T16:15:00,0.541,2026-09-26T16:15:00,58.0,2026-09-26T16:15:00,0.229,2026-09-26T16:15:00,12.0,2026-09-26T16:15:00,0.193,2026-09-26T16:15:00,30.0,2026-09-26T16:15:00,1.19,2026-09-26T16:15:00,27.0,2026-09-26T16:15:00,,,,,,,,,,,,
2026-09-26T14:30:00+00:00,2.65,2026-09-26T16:30:00,2.36,2026-09-26T16:30:00,47.0,2026-09-26T16:30:00,0.0,0.0,0.0,22.3,,,1.3,2026-09-26T16:30:00,73.0,2026-09-26T16:30:00,,,0.0,0.0,20.4,,,,,,,0.0,,,,,,,,,,,,,,,,,,,0.227,0.219,0.171,0.322,0.167,0.192,0.147,0.276,,48.0,2026-09-26T16:30:00,0.541,2026-09-26T16:30:00,58.0,2026-09-26T16:30:00,0.229,2026-09-26T16:30:00,12.0,2026-09-26T16:30:00,0.193,2026-09-26T16:30:00,30.0,2026-09-26T16:30:00,1.19,2026-09-26T16:30:00,27.0,2026-09-26T16:30:00,,,,,,,,,,,,
2026-09-26T14:45:00+00:00,2.65,2026-09-26T16:45:00,2.36,2026-09-26T16:45:00,47.0,2026-09-26T16:45:00,0.0,0.0,0.0,22.3,,,1.17,2026-09-26T16:45:00,72.0,2026-09-26T16:45:00,,,0.0,0.0,20.4,,,,,,,0.0,,,,,,,,,,,,,,,,,,,0.227,0.219,0.171,0.322,0.167,0.192,0.147,0.276,,48.0,2026-09-26T16:45:00,0.541,2026-09-26T16:45:00,58.0,2026-09-26T16:45:00,0.229,2026-09-26T16:45:00,12.0,2026-09-26T16:45:00,0.193,2026-09-26T16:45:00,30.0,2026-09-26T16:45:00,1.19,2026-09-26T16:45:00,27.0,2026-09-26T16:45:00,,,,,,,,,,,,
2026-09-26T15:15:00+00:00,2.65,2026-09-26T17:15:00,2.36,2026-09-26T17:15:00,47.0,2026-09-26T17:15:00,0.0,0.0,0.0,21.9,,,1.17,2026-09-26T17:15:00,72.0,2026-09-26T17:15:00,,,0.0,0.0,19.5,,,,,,,0.0,,,,,,,,,,,,,,,,,,,0.226,0.219,0.171,0.322,0.167,0.191,0.147,0.276,,48.0,2026-09-26T17:15:00,0.541,2026-09-26T17:15:00,58.0,2026-09-26T17:15:00,0.229,2026-09-26T17:15:00,12.0,2026-09-26T17:15:00,0.193,2026-09-26T17:15:00,30.0,2026-09-26T17:15:00,1.1,2026-09-26T17:15:00,26.0,2026-09-26T17:15:00,,,,,,,,,,,,
2026-09-26T15:18:20.792036+00:00,2.65,2026-09-26T17:00:00,2.36,2026-09-26T17:15:00,47.0,2026-09-26T17:15:00,0.0,0.0,0.0,21.5,,,1.17,2026-09-26T17:00:00,72.0,2026-09-26T17:00:00,874.6,2026-09-26T17:15:00,0.0,0.0,18.9,0.0,0.0,0.86,2026-09-26T17:15:00,55.0,2026-09-26T17:15:00,0.0,0.0,2026-09-26T17:00:00,0.0,2026-09-26T16:55:00,0.0,2026-09-26T17:05:00,0.0,0.0,0.0,0.0,0.0,0.0,0.0,0.0,0.0,0.0,0.0,0.0,0.227,0.219,0.167,0.322,0.19,0.203,0.147,0.276,2026-09-26T15:00,48.0,2026-09-26T17:00:00,0.541,2026-09-26T17:00:00,58.0,2026-09-26T17:15:00,0.229,2026-09-26T00:15:00,12.0,2026-09-26T00:15:00,0.193,2026-09-26T17:00:00,30.0,2026-09-26T17:00:00,1.1,2026-09-26T17:00:00,26.0,2026-09-26T17:00:00,2026-09-26,0.0,0.0,0.0,0.0,0.0,0.0,18.79,0.0,503.11,13.49,2026-09-26T11:00:00
2026-09-26T15:30:00+00:00,2.65,2026-09-26T17:30:00,2.36,2026-09-26T17:30:00,47.0,2026-09-26T17:30:00,0.0,0.0,0.0,21.9,,,1.17,2026-09-26T17:30:00,72.0,2026-09-26T17:30:00,,,0.0,0.0,19.5,,,,,,,0.0,,,,,,,,,,,,,,,,,,,0.226,0.219,0.171,0.322,0.167,0.191,0.147,0.276,,48.0,2026-09-26T17:30:00,0.541,2026-09-26T17:30:00,58.0,2026-09-26T17:30:00,0.229,2026-09-26T17:30:00,12.0,2026-09-26T17:30:00,0.256,2026-09-26T17:30:00,31.0,2026-09-26T17:30:00,1.1,2026-09-26T17:30:00,26.0,2026-09-26T17:30:00,,,,,,,,,,,,
2026-09-26T15:45:00+00:00,2.65,2026-09-26T17:45:00,2.36,2026-09-26T17:45:00,47.0,2026-09-26T17:45:00,0.0,0.0,0.0,21.9,,,1.3,2026-09-26T17:45:00,73.0,2026-09-26T17:45:00,,,0.0,0.0,19.5,,,,,,,0.0,,,,,,,,,,,,,,,,,,,0.226,0.219,0.171,0.322,0.167,0.191,0.147,0.276,,48.0,2026-09-26T17:45:00,0.541,2026-09-26T17:45:00,58.0,2026-09-26T17:45:00,0.229,2026-09-26T17:45:00,12.0,2026-09-26T17:45:00,0.256,2026-09-26T17:45:00,31.0,2026-09-26T17:45:00,1.1,2026-09-26T17:45:00,26.0,2026-09-26T17:45:00,,,,,,,,,,,,
2026-09-26T16:00:00+00:00,2.65,2026-09-26T18:00:00,2.36,2026-09-26T18:00:00,47.0,2026-09-26T18:00:00,0.0,0.0,0.0,20.2,,,1.3,2026-09-26T18:00:00,73.0,2026-09-26T18:00:00,,,0.0,0.0,17.9,,,,,,,0.0,,,,,,,,,,,,,,,,,,,0.225,0.219,0.171,0.322,0.166,0.191,0.147,0.276,,48.0,2026-09-26T18:00:00,0.541,2026-09-26T18:00:00,58.0,2026-09-26T18:00:00,0.229,2026-09-26T18:00:00,12.0,2026-09-26T18:00:00,0.256,2026-09-26T18:00:00,31.0,2026-09-26T18:00:00,1.1,2026-09-26T18:00:00,26.0,2026-09-26T18:00:00,,,,,,,,,,,,
2026-09-26T16:15:00+00:00,2.65,2026-09-26T18:15:00,2.36,2026-09-26T18:15:00,47.0,2026-09-26T18:15:00,0.0,0.0,0.0,20.2,,,1.3,2026-09-26T18:15:00,73.0,2026-09-26T18:15:00,,,0.0,0.0,17.9,,,,,,,0.0,,,,,,,,,,,,,,,,,,,0.225,0.219,0.171,0.322,0.166,0.191,0.147,0.276,,48.0,2026-09-26T18:15:00,0.541,2026-09-26T18:15:00,58.0,2026-09-26T18:15:00,0.229,2026-09-26T18:15:00,12.0,2026-09-26T18:15:00,0.256,2026-09-26T18:15:00,31.0,2026-09-26T18:15:00,1.1,2026-09-26T18:15:00,26.0,2026-09-26T18:15:00,,,,,,,,,,,,
2026-09-26T16:30:00+00:00,2.65,2026-09-26T18:30:00,2.36,2026-09-26T18:30:00,47.0,2026-09-26T18:30:00,0.0,0.0,0.0,20.2,,,1.17,2026-09-26T18:30:00,72.0,2026-09-26T18:30:00,,,0.0,0.0,17.9,,,,,,,0.0,,,,,,,,,,,,,,,,,,,0.225,0.219,0.171,0.322,0.166,0.191,0.147,0.276,,48.0,2026-09-26T18:30:00,0.541,2026-09-26T18:30:00,58.0,2026-09-26T18:30:00,0.229,2026-09-26T18:30:00,12.0,2026-09-26T18:30:00,0.256,2026-09-26T18:30:00,31.0,2026-09-26T18:30:00,1.1,2026-09-26T18:30:00,26.0,2026-09-26T18:30:00,,,,,,,,,,,,
2026-09-26T16:45:00+00:00,2.65,2026-09-26T18:45:00,2.36,2026-09-26T18:45:00,47.0,2026-09-26T18:45:00,0.0,0.0,0.0,20.2,,,1.17,2026-09-26T18:45:00,72.0,2026-09-26T18:45:00,,,0.0,0.0,17.9,,,,,,,0.0,,,,,,,,,,,,,,,,,,,0.225,0.219,0.171,0.322,0.166,0.191,0.147,0.276,,48.0,2026-09-26T18:45:00,0.541,2026-09-26T18:45:00,58.0,2026-09-26T18:45:00,0.229,2026-09-26T18:45:00,12.0,2026-09-26T18:45:00,0.256,2026-09-26T18:45:00,31.0,2026-09-26T18:45:00,1.1,2026-09-26T18:45:00,26.0,2026-09-26T18:45:00,,,,,,,,,,,,
2026-09-26T17:07:19.759736+00:00,2.65,2026-09-26T19:00:00,2.36,2026-09-26T19:00:00,47.0,2026-09-26T19:00:00,0.0,0.0,0.0,17.4,,,1.17,2026-09-26T19:00:00,72.0,2026-09-26T19:00:00,874.6,2026-09-26T19:00:00,0.0,0.0,16.1,0.0,0.0,0.82,2026-09-26T19:00:00,54.0,2026-09-26T19:00:00,0.0,0.0,2026-09-26T18:50:00,0.0,2026-09-26T18:55:00,0.0,2026-09-26T18:55:00,0.0,0.0,0.0,0.0,0.0,0.0,0.0,0.0,0.0,0.0,0.0,0.0,0.224,0.218,0.167,0.322,0.187,0.202,0.147,0.276,2026-09-26T17:00,48.0,2026-09-26T19:00:00,0.541,2026-09-26T19:00:00,58.0,2026-09-26T19:00:00,0.229,2026-09-26T00:15:00,12.0,2026-09-26T00:15:00,0.193,2026-09-26T19:00:00,30.0,2026-09-26T19:00:00,1.1,2026-09-26T19:00:00,26.0,2026-09-26T19:00:00,2026-09-26,0.0,0.0,0.0,0.0,0.0,0.0,0.0,0.0,503.11,13.49,2026-09-26T11:00:00
2026-09-26T17:18:14.732196+00:00,2.65,2026-09-26T19:00:00,2.5,2026-09-26T19:15:00,48.0,2026-09-26T19:15:00,0.0,0.0,0.0,16.4,,,1.17,2026-09-26T19:00:00,72.0,2026-09-26T19:00:00,874.65,2026-09-26T19:15:00,0.0,0.0,15.7,0.0,0.0,0.82,2026-09-26T19:00:00,54.0,2026-09-26T19:00:00,0.0,0.0,2026-09-26T19:00:00,0.0,2026-09-26T18:55:00,0.0,2026-09-26T19:05:00,0.0,0.0,0.0,0.0,0.0,0.0,0.0,0.0,0.0,0.0,0.0,0.0,0.224,0.218,0.167,0.322,0.187,0.202,0.147,0.276,2026-09-26T17:00,48.0,2026-09-26T19:00:00,0.541,2026-09-26T19:15:00,58.0,2026-09-26T19:15:00,0.229,2026-09-26T00:15:00,12.0,2026-09-26T00:15:00,0.193,2026-09-26T19:00:00,30.0,2026-09-26T19:00:00,1.1,2026-09-26T19:00:00,26.0,2026-09-26T19:00:00,2026-09-26,0.0,0.0,0.0,0.0,0.0,0.0,0.0,0.0,503.11,13.49,2026-09-26T11:00:00
2026-09-26T17:22:36.259939+00:00,2.49,2026-09-26T19:15:00,2.5,2026-09-26T19:15:00,48.0,2026-09-26T19:15:00,0.0,0.0,0.0,16.4,,,1.17,2026-09-26T19:15:00,72.0,2026-09-26T19:15:00,874.6,2026-09-26T19:15:00,0.0,0.0,15.7,0.0,0.0,0.791,2026-09-26T19:15:00,53.0,2026-09-26T19:15:00,0.0,0.0,2026-09-26T19:05:00,0.0,2026-09-26T18:55:00,0.0,2026-09-26T19:10:00,0.0,0.0,0.0,0.0,0.0,0.0,0.0,0.0,0.0,0.0,0.0,0.0,0.224,0.218,0.167,0.322,0.187,0.202,0.147,0.276,2026-09-26T17:00,47.0,2026-09-26T19:15:00,0.541,2026-09-26T19:15:00,58.0,2026-09-26T19:15:00,0.229,2026-09-26T00:15:00,12.0,2026-09-26T00:15:00,0.193,2026-09-26T19:15:00,30.0,2026-09-26T19:15:00,1.1,2026-09-26T19:15:00,26.0,2026-09-26T19:15:00,2026-09-26,0.0,0.0,0.0,0.0,0.0,0.0,0.0,0.0,503.11,13.49,2026-09-26T11:00:00
2026-09-26T17:30:00+00:00,2.49,2026-09-26T19:30:00,2.36,2026-09-26T19:30:00,47.0,2026-09-26T19:30:00,0.0,0.0,0.0,17.0,,,1.3,2026-09-26T19:30:00,73.0,2026-09-26T19:30:00,,,0.0,0.0,14.7,,,,,,,0.0,,,,,,,,,,,,,,,,,,,0.225,0.219,0.171,0.322,0.166,0.191,0.147,0.276,,47.0,2026-09-26T19:30:00,0.541,2026-09-26T19:30:00,58.0,2026-09-26T19:30:00,0.229,2026-09-26T19:30:00,12.0,2026-09-26T19:30:00,0.193,2026-09-26T19:30:00,30.0,2026-09-26T19:30:00,1.01,2026-09-26T19:30:00,25.0,2026-09-26T19:30:00,,,,,,,,,,,,
2026-09-26T17:45:00+00:00,2.49,2026-09-26T19:45:00,2.5,2026-09-26T19:45:00,48.0,2026-09-26T19:45:00,0.0,0.0,0.0,17.0,,,1.3,2026-09-26T19:45:00,73.0,2026-09-26T19:45:00,,,0.0,0.0,14.7,,,,,,,0.0,,,,,,,,,,,,,,,,,,,0.225,0.219,0.171,0.322,0.166,0.191,0.147,0.276,,47.0,2026-09-26T19:45:00,0.541,2026-09-26T19:45:00,58.0,2026-09-26T19:45:00,0.229,2026-09-26T19:45:00,12.0,2026-09-26T19:45:00,0.193,2026-09-26T19:45:00,30.0,2026-09-26T19:45:00,1.01,2026-09-26T19:45:00,25.0,2026-09-26T19:45:00,,,,,,,,,,,,
2026-09-26T18:00:00+00:00,2.33,2026-09-26T20:00:00,2.5,2026-09-26T20:00:00,48.0,2026-09-26T20:00:00,0.0,0.0,0.0,15.8,,,1.3,2026-09-26T20:00:00,73.0,2026-09-26T20:00:00,,,0.0,0.0,14.1,,,,,,,0.0,,,,,,,,,,,,,,,,,,,0.223,0.218,0.171,0.321,0.159,0.188,0.147,0.276,,46.0,2026-09-26T20:00:00,0.541,2026-09-26T20:00:00,58.0,2026-09-26T20:00:00,0.229,2026-09-26T20:00:00,12.0,2026-09-26T20:00:00,0.193,2026-09-26T20:00:00,30.0,2026-09-26T20:00:00,1.01,2026-09-26T20:00:00,25.0,2026-09-26T20:00:00,,,,,,,,,,,,
2026-09-26T18:15:00+00:00,2.33,2026-09-26T20:15:00,2.5,2026-09-26T20:15:00,48.0,2026-09-26T20:15:00,0.0,0.0,0.0,15.8,,,1.3,2026-09-26T20:15:00,73.0,2026-09-26T20:15:00,,,0.0,0.0,14.1,,,,,,,0.0,,,,,,,,,,,,,,,,,,,0.223,0.218,0.171,0.321,0.159,0.188,0.147,0.276,,46.0,2026-09-26T20:15:00,0.541,2026-09-26T20:15:00,58.0,2026-09-26T20:15:00,0.229,2026-09-26T20:15:00,12.0,2026-09-26T20:15:00,0.193,2026-09-26T20:15:00,30.0,2026-09-26T20:15:00,1.01,2026-09-26T20:15:00,25.0,2026-09-26T20:15:00,,,,,,,,,,,,
2026-09-26T18:30:00+00:00,2.33,2026-09-26T20:30:00,2.5,2026-09-26T20:30:00,48.0,2026-09-26T20:30:00,0.0,0.0,0.0,15.8,,,1.3,2026-09-26T20:30:00,73.0,2026-09-26T20:30:00,,,0.0,0.0,14.1,,,,,,,0.0,,,,,,,,,,,,,,,,,,,0.223,0.218,0.171,0.321,0.159,0.188,0.147,0.276,,46.0,2026-09-26T20:30:00,0.541,2026-09-26T20:30:00,58.0,2026-09-26T20:30:00,0.229,2026-09-26T20:30:00,12.0,2026-09-26T20:30:00,0.193,2026-09-26T20:30:00,30.0,2026-09-26T20:30:00,1.01,2026-09-26T20:30:00,25.0,2026-09-26T20:30:00,,,,,,,,,,,,
2026-09-26T18:48:37.675377+00:00,1.72,2026-09-26T20:45:00,2.5,2026-09-26T20:45:00,48.0,2026-09-26T20:45:00,0.0,0.0,0.0,12.1,,,1.3,2026-09-26T20:45:00,73.0,2026-09-26T20:45:00,874.6,2026-09-26T20:45:00,0.0,0.0,14.8,0.0,0.0,0.86,2026-09-26T20:45:00,55.0,2026-09-26T20:45:00,0.0,0.0,2026-09-26T20:30:00,0.0,2026-09-26T20:25:00,0.0,2026-09-26T20:35:00,0.0,0.0,0.0,0.0,0.0,0.0,0.0,0.0,0.0,0.0,0.0,0.0,0.223,0.218,0.167,0.321,0.186,0.201,0.147,0.276,2026-09-26T18:00,41.0,2026-09-26T20:45:00,0.541,2026-09-26T20:45:00,58.0,2026-09-26T20:45:00,0.229,2026-09-26T00:15:00,12.0,2026-09-26T00:15:00,0.193,2026-09-26T20:45:00,30.0,2026-09-26T20:45:00,1.01,2026-09-26T20:45:00,25.0,2026-09-26T20:45:00,2026-09-26,0.0,0.0,0.0,0.0,0.0,0.0,0.0,0.0,503.11,13.49,2026-09-26T11:00:00
2026-09-26T19:00:00+00:00,2.33,2026-09-26T21:00:00,2.5,2026-09-26T21:00:00,48.0,2026-09-26T21:00:00,0.0,0.0,0.0,14.8,,,1.3,2026-09-26T21:00:00,73.0,2026-09-26T21:00:00,,,0.0,0.0,13.2,,,,,,,0.0,,,,,,,,,,,,,,,,,,,0.223,0.218,0.171,0.321,0.159,0.188,0.147,0.276,,46.0,2026-09-26T21:00:00,0.541,2026-09-26T21:00:00,58.0,2026-09-26T21:00:00,0.229,2026-09-26T21:00:00,12.0,2026-09-26T21:00:00,0.193,2026-09-26T21:00:00,30.0,2026-09-26T21:00:00,1.01,2026-09-26T21:00:00,25.0,2026-09-26T21:00:00,,,,,,,,,,,,
2026-09-26T19:15:00+00:00,2.33,2026-09-26T21:15:00,2.5,2026-09-26T21:15:00,48.0,2026-09-26T21:15:00,0.0,0.0,0.0,14.8,,,1.3,2026-09-26T21:15:00,73.0,2026-09-26T21:15:00,,,0.0,0.0,13.2,,,,,,,0.0,,,,,,,,,,,,,,,,,,,0.223,0.218,0.171,0.321,0.159,0.188,0.147,0.276,,46.0,2026-09-26T21:15:00,0.541,2026-09-26T21:15:00,58.0,2026-09-26T21:15:00,0.229,2026-09-26T21:15:00,12.0,2026-09-26T21:15:00,0.193,2026-09-26T21:15:00,30.0,2026-09-26T21:15:00,1.01,2026-09-26T21:15:00,25.0,2026-09-26T21:15:00,,,,,,,,,,,,
2026-09-26T19:30:00+00:00,2.49,2026-09-26T21:30:00,2.5,2026-09-26T21:30:00,48.0,2026-09-26T21:30:00,0.0,0.0,0.0,14.8,,,1.3,2026-09-26T21:30:00,73.0,2026-09-26T21:30:00,,,0.0,0.0,13.2,,,,,,,0.0,,,,,,,,,,,,,,,,,,,0.223,0.218,0.171,0.321,0.159,0.188,0.147,0.276,,47.0,2026-09-26T21:30:00,0.541,2026-09-26T21:30:00,58.0,2026-09-26T21:30:00,0.229,2026-09-26T21:30:00,12.0,2026-09-26T21:30:00,0.193,2026-09-26T21:30:00,30.0,2026-09-26T21:30:00,1.01,2026-09-26T21:30:00,25.0,2026-09-26T21:30:00,,,,,,,,,,,,
2026-09-26T19:48:50.777373+00:00,2.49,2026-09-26T21:45:00,2.5,2026-09-26T21:45:00,48.0,2026-09-26T21:45:00,0.0,0.0,0.0,9.9,,,1.3,2026-09-26T21:45:00,73.0,2026-09-26T21:45:00,874.59,2026-09-26T21:45:00,0.0,0.0,13.8,0.0,0.0,0.82,2026-09-26T21:45:00,54.0,2026-09-26T21:45:00,0.0,0.0,2026-09-26T21:30:00,0.0,2026-09-26T21:25:00,0.0,2026-09-26T21:35:00,0.0,0.0,0.0,0.0,0.0,0.0,0.0,0.0,0.0,0.0,0.0,0.0,0.225,0.219,0.171,0.322,0.166,0.191,0.147,0.276,2026-09-26T19:00,47.0,2026-09-26T21:45:00,0.541,2026-09-26T21:45:00,58.0,2026-09-26T21:45:00,0.229,2026-09-26T00:15:00,12.0,2026-09-26T00:15:00,0.193,2026-09-26T21:45:00,30.0,2026-09-26T21:45:00,1.01,2026-09-26T21:45:00,25.0,2026-09-26T21:45:00,2026-09-26,0.0,0.0,0.0,0.0,0.0,0.0,0.0,0.0,503.11,13.49,2026-09-26T11:00:00
2026-09-26T20:00:05.679795+00:00,2.49,2026-09-26T21:45:00,2.5,2026-09-26T21:45:00,48.0,2026-09-26T21:45:00,0.0,0.0,0.0,9.8,,,1.3,2026-09-26T21:45:00,73.0,2026-09-26T21:45:00,874.59,2026-09-26T21:45:00,0.0,0.0,13.7,0.0,0.0,0.82,2026-09-26T21:45:00,54.0,2026-09-26T21:45:00,0.0,0.0,2026-09-26T21:45:00,0.0,2026-09-26T21:55:00,0.0,2026-09-26T21:50:00,0.0,0.0,0.0,0.0,0.0,0.0,0.0,0.0,0.0,0.0,0.0,0.0,0.225,0.219,0.171,0.321,0.166,0.191,0.147,0.276,2026-09-26T20:00,47.0,2026-09-26T21:45:00,0.541,2026-09-26T21:45:00,58.0,2026-09-26T21:45:00,0.229,2026-09-26T00:15:00,12.0,2026-09-26T00:15:00,0.193,2026-09-26T21:45:00,30.0,2026-09-26T21:45:00,1.01,2026-09-26T21:45:00,25.0,2026-09-26T21:45:00,2026-09-26,0.0,0.0,0.0,0.0,0.0,0.0,0.0,0.0,503.11,13.49,2026-09-26T11:00:00
2026-09-26T20:07:13.874744+00:00,2.65,2026-09-26T22:00:00,2.5,2026-09-26T22:00:00,48.0,2026-09-26T22:00:00,0.0,0.0,0.0,9.8,,,1.3,2026-09-26T22:00:00,73.0,2026-09-26T22:00:00,874.59,2026-09-26T22:00:00,0.0,0.0,13.7,0.0,0.0,0.82,2026-09-26T22:00:00,54.0,2026-09-26T22:00:00,0.0,0.0,2026-09-26T21:50:00,0.0,2026-09-26T21:55:00,0.0,2026-09-26T21:55:00,0.0,0.0,0.0,0.0,0.0,0.0,0.0,0.0,0.0,0.0,0.0,0.0,0.225,0.219,0.171,0.321,0.166,0.191,0.147,0.276,2026-09-26T20:00,48.0,2026-09-26T22:00:00,0.541,2026-09-26T22:00:00,58.0,2026-09-26T22:00:00,0.229,2026-09-26T00:15:00,12.0,2026-09-26T00:15:00,0.193,2026-09-26T22:00:00,30.0,2026-09-26T22:00:00,1.01,2026-09-26T22:00:00,25.0,2026-09-26T22:00:00,2026-09-26,0.0,0.0,0.0,0.0,0.0,0.0,0.0,0.0,503.11,13.49,2026-09-26T11:00:00
2026-09-26T20:15:00+00:00,2.65,2026-09-26T22:15:00,2.5,2026-09-26T22:15:00,48.0,2026-09-26T22:15:00,0.0,0.0,0.0,13.6,,,1.3,2026-09-26T22:15:00,73.0,2026-09-26T22:15:00,,,0.0,0.0,11.5,,,,,,,0.0,,,,,,,,,,,,,,,,,,,0.223,0.218,0.171,0.321,0.159,0.188,0.147,0.276,,48.0,2026-09-26T22:15:00,0.541,2026-09-26T22:15:00,58.0,2026-09-26T22:15:00,0.229,2026-09-26T22:15:00,12.0,2026-09-26T22:15:00,0.193,2026-09-26T22:15:00,30.0,2026-09-26T22:15:00,1.1,2026-09-26T22:15:00,26.0,2026-09-26T22:15:00,,,,,,,,,,,,
2026-09-26T20:30:00+00:00,2.65,2026-09-26T22:30:00,2.36,2026-09-26T22:30:00,47.0,2026-09-26T22:30:00,0.0,0.0,0.0,13.6,,,1.3,2026-09-26T22:30:00,73.0,2026-09-26T22:30:00,,,0.0,0.0,11.5,,,,,,,0.0,,,,,,,,,,,,,,,,,,,0.223,0.218,0.171,0.321,0.159,0.188,0.147,0.276,,48.0,2026-09-26T22:30:00,0.541,2026-09-26T22:30:00,58.0,2026-09-26T22:30:00,0.229,2026-09-26T22:30:00,12.0,2026-09-26T22:30:00,0.193,2026-09-26T22:30:00,30.0,2026-09-26T22:30:00,1.1,2026-09-26T22:30:00,26.0,2026-09-26T22:30:00,,,,,,,,,,,,
2026-09-26T20:45:00+00:00,2.65,2026-09-26T22:45:00,2.5,2026-09-26T22:45:00,48.0,2026-09-26T22:45:00,0.0,0.0,0.0,13.6,,,1.17,2026-09-26T22:45:00,72.0,2026-09-26T22:45:00,,,0.0,0.0,11.5,,,,,,,0.0,,,,,,,,,,,,,,,,,,,0.223,0.218,0.171,0.321,0.159,0.188,0.147,0.276,,48.0,2026-09-26T22:45:00,0.541,2026-09-26T22:45:00,58.0,2026-09-26T22:45:00,0.229,2026-09-26T22:45:00,12.0,2026-09-26T22:45:00,0.193,2026-09-26T22:45:00,30.0,2026-09-26T22:45:00,1.19,2026-09-26T22:45:00,27.0,2026-09-26T22:45:00,,,,,,,,,,,,
2026-09-26T21:00:00+00:00,2.65,2026-09-26T23:00:00,2.5,2026-09-26T23:00:00,48.0,2026-09-26T23:00:00,0.0,0.0,0.0,12.5,,,1.17,2026-09-26T23:00:00,72.0,2026-09-26T23:00:00,,,0.0,0.0,11.2,,,,,,,0.0,,,,,,,,,,,,,,,,,,,0.223,0.218,0.171,0.321,0.159,0.188,0.147,0.276,,48.0,2026-09-26T23:00:00,0.541,2026-09-26T23:00:00,58.0,2026-09-26T23:00:00,0.229,2026-09-26T23:00:00,12.0,2026-09-26T23:00:00,0.15,2026-09-26T23:00:00,29.0,2026-09-26T23:00:00,1.19,2026-09-26T23:00:00,27.0,2026-09-26T23:00:00,,,,,,,,,,,,
2026-09-26T21:15:00+00:00,2.49,2026-09-26T23:15:00,2.5,2026-09-26T23:15:00,48.0,2026-09-26T23:15:00,0.0,0.0,0.0,12.5,,,1.17,2026-09-26T23:15:00,72.0,2026-09-26T23:15:00,,,0.0,0.0,11.2,,,,,,,0.0,,,,,,,,,,,,,,,,,,,0.223,0.218,0.171,0.321,0.159,0.188,0.147,0.276,,47.0,2026-09-26T23:15:00,0.541,2026-09-26T23:15:00,58.0,2026-09-26T23:15:00,0.229,2026-09-26T23:15:00,12.0,2026-09-26T23:15:00,0.15,2026-09-26T23:15:00,29.0,2026-09-26T23:15:00,1.19,2026-09-26T23:15:00,27.0,2026-09-26T23:15:00,,,,,,,,,,,,
2026-09-26T21:41:22.387334+00:00,2.49,2026-09-26T23:30:00,2.36,2026-09-26T23:30:00,47.0,2026-09-26T23:30:00,0.0,0.0,0.0,9.5,,,1.17,2026-09-26T23:30:00,72.0,2026-09-26T23:30:00,874.59,2026-09-26T23:30:00,0.0,0.0,13.8,0.0,0.0,0.86,2026-09-26T23:30:00,55.0,2026-09-26T23:30:00,0.0,0.0,2026-09-26T23:25:00,0.0,2026-09-26T23:25:00,0.0,2026-09-26T23:30:00,0.0,0.0,0.0,0.0,0.0,0.0,0.0,0.0,0.0,0.0,0.0,0.0,0.225,0.219,0.171,0.321,0.166,0.191,0.147,0.276,2026-09-26T21:00,47.0,2026-09-26T23:30:00,0.541,2026-09-26T23:30:00,58.0,2026-09-26T23:30:00,0.229,2026-09-26T23:30:00,12.0,2026-09-26T23:30:00,0.15,2026-09-26T23:30:00,29.0,2026-09-26T23:30:00,1.19,2026-09-26T23:30:00,27.0,2026-09-26T23:30:00,2026-09-26,0.0,0.0,0.0,0.0,0.0,1.8,0.0,0.0,503.11,13.49,2026-09-26T11:00:00
2026-09-26T21:45:00+00:00,2.49,2026-09-26T23:45:00,2.5,2026-09-26T23:45:00,48.0,2026-09-26T23:45:00,0.0,0.0,0.0,12.5,,,1.17,2026-09-26T23:45:00,72.0,2026-09-26T23:45:00,,,0.0,0.0,11.2,,,,,,,0.0,,,,,,,,,,,,,,,,,,,0.223,0.218,0.171,0.321,0.159,0.188,0.147,0.276,,47.0,2026-09-26T23:45:00,0.541,2026-09-26T23:45:00,58.0,2026-09-26T23:45:00,0.229,2026-09-26T23:45:00,12.0,2026-09-26T23:45:00,0.15,2026-09-26T23:45:00,29.0,2026-09-26T23:45:00,1.19,2026-09-26T23:45:00,27.0,2026-09-26T23:45:00,,,,,,,,,,,,
2026-09-26T22:00:00+00:00,2.49,2026-09-27T00:00:00,2.5,2026-09-27T00:00:00,48.0,2026-09-27T00:00:00,0.0,0.0,0.0,11.6,,,1.17,2026-09-27T00:00:00,72.0,2026-09-27T00:00:00,,,0.0,0.0,11.4,,,,,,,0.0,,,,,,,,,,,,,,,,,,,0.223,0.218,0.171,0.321,0.159,0.188,0.147,0.276,,47.0,2026-09-27T00:00:00,0.541,2026-09-27T00:00:00,58.0,2026-09-27T00:00:00,0.229,2026-09-27T00:00:00,12.0,2026-09-27T00:00:00,0.193,2026-09-27T00:00:00,30.0,2026-09-27T00:00:00,1.19,2026-09-27T00:00:00,27.0,2026-09-27T00:00:00,,,,,,,,,,,,
2026-09-26T22:15:00+00:00,2.33,2026-09-27T00:15:00,2.5,2026-09-27T00:15:00,48.0,2026-09-27T00:15:00,0.0,0.0,0.0,11.6,,,1.17,2026-09-27T00:15:00,72.0,2026-09-27T00:15:00,,,0.0,0.0,11.4,,,,,,,0.0,,,,,,,,,,,,,,,,,,,0.223,0.218,0.171,0.321,0.159,0.188,0.147,0.276,,46.0,2026-09-27T00:15:00,0.541,2026-09-27T00:15:00,58.0,2026-09-27T00:15:00,0.229,2026-09-27T00:15:00,12.0,2026-09-27T00:15:00,0.15,2026-09-27T00:15:00,29.0,2026-09-27T00:15:00,1.19,2026-09-27T00:15:00,27.0,2026-09-27T00:15:00,,,,,,,,,,,,
2026-09-26T22:45:06.599503+00:00,2.33,2026-09-27T00:30:00,2.5,2026-09-27T00:30:00,48.0,2026-09-27T00:30:00,0.0,0.0,0.0,9.5,,,1.17,2026-09-27T00:30:00,72.0,2026-09-27T00:30:00,874.59,2026-09-27T00:30:00,0.0,0.0,13.6,0.0,0.0,0.86,2026-09-27T00:30:00,55.0,2026-09-27T00:30:00,0.0,0.0,2026-09-27T00:30:00,0.0,2026-09-27T00:25:00,0.0,2026-09-27T00:35:00,0.0,0.0,0.0,0.0,0.0,0.0,0.0,0.0,0.0,0.0,0.0,0.0,0.225,0.219,0.171,0.321,0.166,0.191,0.147,0.276,2026-09-27T00:00,46.0,2026-09-27T00:30:00,0.541,2026-09-27T00:30:00,58.0,2026-09-27T00:30:00,0.229,2026-09-27T00:30:00,12.0,2026-09-27T00:30:00,0.15,2026-09-27T00:30:00,29.0,2026-09-27T00:30:00,1.19,2026-09-27T00:30:00,27.0,2026-09-27T00:30:00,2026-09-27,0.0,0.0,0.0,0.0,1.97,0.0,0.0,7.06,503.11,13.49,2026-09-26T11:00:00
2026-09-26T23:01:15.075267+00:00,2.33,2026-09-27T00:45:00,2.5,2026-09-27T00:45:00,48.0,2026-09-27T00:45:00,0.0,0.0,0.0,9.4,,,1.17,2026-09-27T00:45:00,72.0,2026-09-27T00:45:00,874.59,2026-09-27T00:45:00,0.0,0.0,13.6,0.0,0.0,0.86,2026-09-27T00:45:00,55.0,2026-09-27T00:45:00,0.0,0.0,2026-09-27T00:45:00,0.0,2026-09-27T00:55:00,0.0,2026-09-27T00:50:00,0.0,0.0,0.0,0.0,0.0,0.0,0.0,0.0,0.0,0.0,0.0,0.0,0.225,0.219,0.171,0.321,0.166,0.191,0.147,0.276,2026-09-27T00:00,46.0,2026-09-27T00:45:00,0.541,2026-09-27T00:45:00,58.0,2026-09-27T00:45:00,0.229,2026-09-27T00:45:00,12.0,2026-09-27T00:45:00,0.15,2026-09-27T00:45:00,29.0,2026-09-27T00:45:00,1.19,2026-09-27T00:45:00,27.0,2026-09-27T00:45:00,2026-09-27,0.0,0.0,0.0,0.0,1.97,0.0,0.0,7.06,503.11,13.49,2026-09-26T11:00:00
2026-09-26T23:08:50.444024+00:00,2.33,2026-09-27T01:00:00,2.5,2026-09-27T01:00:00,48.0,2026-09-27T01:00:00,0.0,0.0,0.0,9.4,,,1.17,2026-09-27T01:00:00,72.0,2026-09-27T01:00:00,874.59,2026-09-27T01:00:00,0.0,0.0,13.6,0.0,0.0,0.86,2026-09-27T01:00:00,55.0,2026-09-27T01:00:00,0.0,0.0,2026-09-27T00:50:00,0.0,2026-09-27T00:55:00,0.0,2026-09-27T00:55:00,0.0,0.0,0.0,0.0,0.0,0.0,0.0,0.0,0.0,0.0,0.0,0.0,0.225,0.219,0.171,0.321,0.166,0.191,0.147,0.276,2026-09-27T00:00,46.0,2026-09-27T01:00:00,0.541,2026-09-27T01:00:00,58.0,2026-09-27T01:00:00,0.229,2026-09-27T00:45:00,12.0,2026-09-27T00:45:00,0.15,2026-09-27T01:00:00,29.0,2026-09-27T01:00:00,1.19,2026-09-27T01:00:00,27.0,2026-09-27T01:00:00,2026-09-27,0.0,0.0,0.0,0.0,1.97,0.0,0.0,7.06,503.11,13.49,2026-09-26T11:00:00
2026-09-26T23:15:00+00:00,2.49,2026-09-27T01:15:00,2.5,2026-09-27T01:15:00,48.0,2026-09-27T01:15:00,0.0,0.0,0.0,11.1,,,1.17,2026-09-27T01:15:00,72.0,2026-09-27T01:15:00,,,0.0,0.0,11.1,,,,,,,0.0,,,,,,,,,,,,,,,,,,,0.223,0.218,0.171,0.321,0.159,0.188,0.147,0.276,,47.0,2026-09-27T01:15:00,0.541,2026-09-27T01:15:00,58.0,2026-09-27T01:15:00,0.229,2026-09-27T01:15:00,12.0,2026-09-27T01:15:00,0.15,2026-09-27T01:15:00,29.0,2026-09-27T01:15:00,1.1,2026-09-27T01:15:00,26.0,2026-09-27T01:15:00,,,,,,,,,,,,
2026-09-26T23:30:00+00:00,2.83,2026-09-27T01:30:00,2.5,2026-09-27T01:30:00,48.0,2026-09-27T01:30:00,0.0,0.0,0.0,11.1,,,1.17,2026-09-27T01:30:00,72.0,2026-09-27T01:30:00,,,0.0,0.0,11.1,,,,,,,0.0,,,,,,,,,,,,,,,,,,,0.223,0.218,0.171,0.321,0.159,0.188,0.147,0.276,,49.0,2026-09-27T01:30:00,0.541,2026-09-27T01:30:00,58.0,2026-09-27T01:30:00,0.229,2026-09-27T01:30:00,12.0,2026-09-27T01:30:00,0.15,2026-09-27T01:30:00,29.0,2026-09-27T01:30:00,1.1,2026-09-27T01:30:00,26.0,2026-09-27T01:30:00,,,,,,,,,,,,
2026-09-27T00:00:00+00:00,3.21,2026-09-27T02:00:00,2.5,2026-09-27T02:00:00,48.0,2026-09-27T02:00:00,0.0,0.0,0.0,8.9,,,1.17,2026-09-27T02:00:00,72.0,2026-09-27T02:00:00,,,0.0,0.0,7.8,,,,,,,0.0,,,,,,,,,,,,,,,,,,,0.219,0.213,0.168,0.321,0.165,0.188,0.147,0.276,,51.0,2026-09-27T02:00:00,0.541,2026-09-27T02:00:00,58.0,2026-09-27T02:00:00,0.229,2026-09-27T02:00:00,12.0,2026-09-27T02:00:00,0.15,2026-09-27T02:00:00,29.0,2026-09-27T02:00:00,1.1,2026-09-27T02:00:00,26.0,2026-09-27T02:00:00,,,,,,,,,,,,
2026-09-27T00:00:11.187971+00:00,3.02,2026-09-27T01:45:00,2.5,2026-09-27T01:45:00,48.0,2026-09-27T01:45:00,0.0,,,9.0,,,1.17,2026-09-27T01:45:00,72.0,2026-09-27T01:45:00,874.59,2026-09-27T01:45:00,0.0,0.0,13.6,,,0.86,2026-09-27T01:45:00,55.0,2026-09-27T01:45:00,0.0,0.0,2026-09-27T01:45:00,0.0,2026-09-27T01:55:00,0.0,2026-09-27T01:50:00,,,,,,,,,,,,,,,,,,,,,,50.0,2026-09-27T01:45:00,0.541,2026-09-27T01:45:00,58.0,2026-09-27T01:45:00,0.229,2026-09-27T00:45:00,12.0,2026-09-27T00:45:00,0.15,2026-09-27T01:45:00,29.0,2026-09-27T01:45:00,1.1,2026-09-27T01:45:00,26.0,2026-09-27T01:45:00,,,,,,,,,,503.11,13.49,2026-09-26T11:00:00
2026-09-27T00:15:00+00:00,3.21,2026-09-27T02:15:00,2.5,2026-09-27T02:15:00,48.0,2026-09-27T02:15:00,0.0,0.0,0.0,8.9,,,1.17,2026-09-27T02:15:00,72.0,2026-09-27T02:15:00,,,0.0,0.0,7.8,,,,,,,0.0,,,,,,,,,,,,,,,,,,,0.219,0.213,0.168,0.321,0.165,0.188,0.147,0.276,,51.0,2026-09-27T02:15:00,0.541,2026-09-27T02:15:00,58.0,2026-09-27T02:15:00,0.229,2026-09-27T02:15:00,12.0,2026-09-27T02:15:00,0.15,2026-09-27T02:15:00,29.0,2026-09-27T02:15:00,1.1,2026-09-27T02:15:00,26.0,2026-09-27T02:15:00,,,,,,,,,,,,
2026-09-27T00:30:00+00:00,3.21,2026-09-27T02:30:00,2.5,2026-09-27T02:30:00,48.0,2026-09-27T02:30:00,0.0,0.0,0.0,8.9,,,1.06,2026-09-27T02:30:00,71.0,2026-09-27T02:30:00,,,0.0,0.0,7.8,,,,,,,0.0,,,,,,,,,,,,,,,,,,,0.219,0.213,0.168,0.321,0.165,0.188,0.147,0.276,,51.0,2026-09-27T02:30:00,0.541,2026-09-27T02:30:00,58.0,2026-09-27T02:30:00,0.229,2026-09-27T02:30:00,12.0,2026-09-27T02:30:00,0.15,2026-09-27T02:30:00,29.0,2026-09-27T02:30:00,1.1,2026-09-27T02:30:00,26.0,2026-09-27T02:30:00,,,,,,,,,,,,
2026-09-27T00:45:00+00:00,3.21,2026-09-27T02:45:00,2.5,2026-09-27T02:45:00,48.0,2026-09-27T02:45:00,0.0,0.0,0.0,8.9,,,1.06,2026-09-27T02:45:00,71.0,2026-09-27T02:45:00,,,0.0,0.0,7.8,,,,,,,0.0,,,,,,,,,,,,,,,,,,,0.219,0.213,0.168,0.321,0.165,0.188,0.147,0.276,,51.0,2026-09-27T02:45:00,0.541,2026-09-27T02:45:00,58.0,2026-09-27T02:45:00,0.229,2026-09-27T02:45:00,12.0,2026-09-27T02:45:00,0.15,2026-09-27T02:45:00,29.0,2026-09-27T02:45:00,1.1,2026-09-27T02:45:00,26.0,2026-09-27T02:45:00,,,,,,,,,,,,
2026-09-27T01:00:00+00:00,3.21,2026-09-27T03:00:00,2.5,2026-09-27T03:00:00,48.0,2026-09-27T03:00:00,0.0,0.0,0.0,8.5,,,1.06,2026-09-27T03:00:00,71.0,2026-09-27T03:00:00,,,0.0,0.0,8.3,,,,,,,0.0,,,,,,,,,,,,,,,,,,,0.218,0.213,0.168,0.321,0.165,0.188,0.147,0.276,,51.0,2026-09-27T03:00:00,0.541,2026-09-27T03:00:00,58.0,2026-09-27T03:00:00,0.229,2026-09-27T03:00:00,12.0,2026-09-27T03:00:00,0.15,2026-09-27T03:00:00,29.0,2026-09-27T03:00:00,1.1,2026-09-27T03:00:00,26.0,2026-09-27T03:00:00,,,,,,,,,,,,
2026-09-27T01:23:32.980420+00:00,3.21,2026-09-27T03:15:00,2.5,2026-09-27T03:15:00,48.0,2026-09-27T03:15:00,0.0,0.0,0.0,8.5,,,1.06,2026-09-27T03:15:00,71.0,2026-09-27T03:15:00,874.59,2026-09-27T03:15:00,0.0,0.0,13.4,0.0,0.0,0.82,2026-09-27T03:15:00,54.0,2026-09-27T03:15:00,0.0,0.0,2026-09-27T03:10:00,0.0,2026-09-27T02:55:00,0.0,2026-09-27T03:15:00,0.0,0.0,0.0,0.0,0.0,0.0,0.0,0.0,0.0,0.0,0.0,0.0,,,,,,,,,,51.0,2026-09-27T03:15:00,0.541,2026-09-27T03:15:00,58.0,2026-09-27T03:15:00,0.229,2026-09-27T00:45:00,12.0,2026-09-27T00:45:00,0.15,2026-09-27T03:15:00,29.0,2026-09-27T03:15:00,1.1,2026-09-27T03:15:00,26.0,2026-09-27T03:15:00,2026-09-27,0.0,0.0,0.0,0.0,1.97,0.0,0.0,7.06,503.11,13.49,2026-09-26T11:00:00
2026-09-27T01:36:32.226615+00:00,3.21,2026-09-27T03:30:00,2.5,2026-09-27T03:30:00,48.0,2026-09-27T03:30:00,0.0,0.0,0.0,8.1,,,1.17,2026-09-27T03:30:00,72.0,2026-09-27T03:30:00,874.59,2026-09-27T03:30:00,0.0,0.0,13.3,0.0,0.0,0.82,2026-09-27T03:30:00,54.0,2026-09-27T03:30:00,0.0,0.0,2026-09-27T03:20:00,0.0,2026-09-27T03:25:00,0.0,2026-09-27T03:25:00,0.0,0.0,0.0,0.0,0.0,0.0,0.0,0.0,0.0,0.0,0.0,0.0,0.223,0.218,0.171,0.321,0.159,0.188,0.147,0.276,2026-09-27T01:00,51.0,2026-09-27T03:30:00,0.541,2026-09-27T03:30:00,58.0,2026-09-27T03:30:00,0.229,2026-09-27T00:45:00,12.0,2026-09-27T00:45:00,0.15,2026-09-27T03:30:00,29.0,2026-09-27T03:30:00,1.1,2026-09-27T03:30:00,26.0,2026-09-27T03:30:00,2026-09-27,0.0,0.0,0.0,0.0,1.97,0.0,0.0,7.06,503.11,13.49,2026-09-26T11:00:00
2026-09-27T01:45:00+00:00,3.21,2026-09-27T03:45:00,2.5,2026-09-27T03:45:00,48.0,2026-09-27T03:45:00,0.0,0.0,0.0,8.5,,,1.17,2026-09-27T03:45:00,72.0,2026-09-27T03:45:00,,,0.0,0.0,8.3,,,,,,,0.0,,,,,,,,,,,,,,,,,,,0.218,0.213,0.168,0.321,0.165,0.188,0.147,0.276,,51.0,2026-09-27T03:45:00,0.541,2026-09-27T03:45:00,58.0,2026-09-27T03:45:00,0.229,2026-09-27T03:45:00,12.0,2026-09-27T03:45:00,0.15,2026-09-27T03:45:00,29.0,2026-09-27T03:45:00,1.01,2026-09-27T03:45:00,25.0,2026-09-27T03:45:00,,,,,,,,,,,,
2026-09-27T01:46:08.532336+00:00,3.21,2026-09-27T03:30:00,2.5,2026-09-27T03:30:00,48.0,2026-09-27T03:30:00,0.0,0.0,0.0,8.2,,,1.17,2026-09-27T03:30:00,72.0,2026-09-27T03:30:00,874.59,2026-09-27T03:30:00,0.0,0.0,13.3,0.0,0.0,0.82,2026-09-27T03:30:00,54.0,2026-09-27T03:30:00,0.0,0.0,2026-09-27T03:30:00,0.0,2026-09-27T03:25:00,0.0,2026-09-27T03:35:00,0.0,0.0,0.0,0.0,0.0,0.0,0.0,0.0,0.0,0.0,0.0,0.0,0.223,0.218,0.171,0.321,0.159,0.188,0.147,0.276,2026-09-27T01:00,51.0,2026-09-27T03:30:00,0.541,2026-09-27T03:30:00,58.0,2026-09-27T03:30:00,0.229,2026-09-27T00:45:00,12.0,2026-09-27T00:45:00,0.15,2026-09-27T03:30:00,29.0,2026-09-27T03:30:00,1.1,2026-09-27T03:30:00,26.0,2026-09-27T03:30:00,2026-09-27,0.0,0.0,0.0,0.0,1.97,0.0,0.0,7.06,503.11,13.49,2026-09-26T11:00:00
2026-09-27T02:00:00+00:00,3.21,2026-09-27T04:00:00,2.5,2026-09-27T04:00:00,48.0,2026-09-27T04:00:00,0.0,0.0,0.0,8.5,,,1.17,2026-09-27T04:00:00,72.0,2026-09-27T04:00:00,,,0.0,0.0,9.2,,,,,,,0.0,,,,,,,,,,,,,,,,,,,0.218,0.213,0.169,0.321,0.165,0.188,0.147,0.276,,51.0,2026-09-27T04:00:00,0.541,2026-09-27T04:00:00,58.0,2026-09-27T04:00:00,0.229,2026-09-27T04:00:00,12.0,2026-09-27T04:00:00,0.15,2026-09-27T04:00:00,29.0,2026-09-27T04:00:00,1.1,2026-09-27T04:00:00,26.0,2026-09-27T04:00:00,,,,,,,,,,,,
2026-09-27T02:15:00+00:00,3.21,2026-09-27T04:15:00,2.5,2026-09-27T04:15:00,48.0,2026-09-27T04:15:00,0.0,0.0,0.0,8.5,,,1.17,2026-09-27T04:15:00,72.0,2026-09-27T04:15:00,,,0.0,0.0,9.2,,,,,,,0.0,,,,,,,,,,,,,,,,,,,0.218,0.213,0.169,0.321,0.165,0.188,0.147,0.276,,51.0,2026-09-27T04:15:00,0.541,2026-09-27T04:15:00,58.0,2026-09-27T04:15:00,0.229,2026-09-27T04:15:00,12.0,2026-09-27T04:15:00,0.15,2026-09-27T04:15:00,29.0,2026-09-27T04:15:00,1.01,2026-09-27T04:15:00,25.0,2026-09-27T04:15:00,,,,,,,,,,,,
2026-09-27T02:30:00+00:00,3.21,2026-09-27T04:30:00,2.5,2026-09-27T04:30:00,48.0,2026-09-27T04:30:00,0.0,0.0,0.0,8.5,,,1.17,2026-09-27T04:30:00,72.0,2026-09-27T04:30:00,,,0.0,0.0,9.2,,,,,,,0.0,,,,,,,,,,,,,,,,,,,0.218,0.213,0.169,0.321,0.165,0.188,0.147,0.276,,51.0,2026-09-27T04:30:00,0.541,2026-09-27T04:30:00,58.0,2026-09-27T04:30:00,0.229,2026-09-27T04:30:00,12.0,2026-09-27T04:30:00,0.15,2026-09-27T04:30:00,29.0,2026-09-27T04:30:00,1.01,2026-09-27T04:30:00,25.0,2026-09-27T04:30:00,,,,,,,,,,,,
2026-09-27T02:45:00+00:00,3.21,2026-09-27T04:45:00,2.5,2026-09-27T04:45:00,48.0,2026-09-27T04:45:00,0.0,0.0,0.0,8.5,,,1.17,2026-09-27T04:45:00,72.0,2026-09-27T04:45:00,,,0.0,0.0,9.2,,,,,,,0.0,,,,,,,,,,,,,,,,,,,0.218,0.213,0.169,0.321,0.165,0.188,0.147,0.276,,51.0,2026-09-27T04:45:00,0.541,2026-09-27T04:45:00,58.0,2026-09-27T04:45:00,0.229,2026-09-27T04:45:00,12.0,2026-09-27T04:45:00,0.15,2026-09-27T04:45:00,29.0,2026-09-27T04:45:00,1.01,2026-09-27T04:45:00,25.0,2026-09-27T04:45:00,,,,,,,,,,,,
2026-09-27T03:00:00+00:00,3.02,2026-09-27T05:00:00,2.5,2026-09-27T05:00:00,48.0,2026-09-27T05:00:00,0.0,0.0,0.0,8.6,,,1.17,2026-09-27T05:00:00,72.0,2026-09-27T05:00:00,,,0.0,0.0,9.3,,,,,,,0.0,,,,,,,,,,,,,,,,,,,0.218,0.213,0.169,0.321,0.165,0.188,0.147,0.276,,50.0,2026-09-27T05:00:00,0.541,2026-09-27T05:00:00,58.0,2026-09-27T05:00:00,0.229,2026-09-27T05:00:00,12.0,2026-09-27T05:00:00,0.15,2026-09-27T05:00:00,29.0,2026-09-27T05:00:00,1.01,2026-09-27T05:00:00,25.0,2026-09-27T05:00:00,,,,,,,,,,,,
2026-09-27T03:15:00+00:00,3.02,2026-09-27T05:15:00,2.5,2026-09-27T05:15:00,48.0,2026-09-27T05:15:00,0.0,0.0,0.0,8.6,,,1.17,2026-09-27T05:15:00,72.0,2026-09-27T05:15:00,,,0.0,0.0,9.3,,,,,,,0.0,,,,,,,,,,,,,,,,,,,0.218,0.213,0.169,0.321,0.165,0.188,0.147,0.276,,50.0,2026-09-27T05:15:00,0.541,2026-09-27T05:15:00,58.0,2026-09-27T05:15:00,0.229,2026-09-27T05:15:00,12.0,2026-09-27T05:15:00,0.15,2026-09-27T05:15:00,29.0,2026-09-27T05:15:00,1.01,2026-09-27T05:15:00,25.0,2026-09-27T05:15:00,,,,,,,,,,,,
2026-09-27T03:30:00+00:00,3.02,2026-09-27T05:30:00,2.5,2026-09-27T05:30:00,48.0,2026-09-27T05:30:00,0.0,0.0,0.0,8.6,,,1.17,2026-09-27T05:30:00,72.0,2026-09-27T05:30:00,,,0.0,0.0,9.3,,,,,,,0.0,,,,,,,,,,,,,,,,,,,0.218,0.213,0.169,0.321,0.165,0.188,0.147,0.276,,50.0,2026-09-27T05:30:00,0.541,2026-09-27T05:30:00,58.0,2026-09-27T05:30:00,0.229,2026-09-27T05:30:00,12.0,2026-09-27T05:30:00,0.15,2026-09-27T05:30:00,29.0,2026-09-27T05:30:00,1.01,2026-09-27T05:30:00,25.0,2026-09-27T05:30:00,,,,,,,,,,,,
2026-09-27T03:45:00+00:00,2.83,2026-09-27T05:45:00,2.5,2026-09-27T05:45:00,48.0,2026-09-27T05:45:00,0.0,0.0,0.0,8.6,,,1.17,2026-09-27T05:45:00,72.0,2026-09-27T05:45:00,,,0.0,0.0,9.3,,,,,,,0.0,,,,,,,,,,,,,,,,,,,0.218,0.213,0.169,0.321,0.165,0.188,0.147,0.276,,49.0,2026-09-27T05:45:00,0.541,2026-09-27T05:45:00,58.0,2026-09-27T05:45:00,0.229,2026-09-27T05:45:00,12.0,2026-09-27T05:45:00,0.15,2026-09-27T05:45:00,29.0,2026-09-27T05:45:00,1.01,2026-09-27T05:45:00,25.0,2026-09-27T05:45:00,,,,,,,,,,,,
2026-09-27T04:15:00+00:00,2.83,2026-09-27T06:15:00,2.5,2026-09-27T06:15:00,48.0,2026-09-27T06:15:00,0.0,0.0,0.0,8.6,,,1.06,2026-09-27T06:15:00,71.0,2026-09-27T06:15:00,,,0.0,0.0,9.2,,,,,,,0.0,,,,,,,,,,,,,,,,,,,0.218,0.213,0.169,0.321,0.165,0.188,0.147,0.276,,49.0,2026-09-27T06:15:00,0.541,2026-09-27T06:15:00,58.0,2026-09-27T06:15:00,0.229,2026-09-27T06:15:00,12.0,2026-09-27T06:15:00,0.15,2026-09-27T06:15:00,29.0,2026-09-27T06:15:00,1.1,2026-09-27T06:15:00,26.0,2026-09-27T06:15:00,,,,,,,,,,,,
2026-09-27T04:17:13.963661+00:00,2.83,2026-09-27T06:00:00,2.36,2026-09-27T06:00:00,47.0,2026-09-27T06:00:00,0.0,0.0,0.0,8.0,,,1.17,2026-09-27T06:00:00,72.0,2026-09-27T06:00:00,874.59,2026-09-27T06:00:00,0.0,0.0,13.1,0.0,0.0,0.86,2026-09-27T06:00:00,55.0,2026-09-27T06:00:00,0.0,0.0,2026-09-27T06:00:00,0.0,2026-09-27T05:55:00,0.0,2026-09-27T06:05:00,0.0,0.0,0.0,0.0,0.0,0.0,0.0,0.0,0.0,0.0,0.0,0.0,0.223,0.218,0.171,0.321,0.159,0.188,0.147,0.276,2026-09-27T04:00,49.0,2026-09-27T06:00:00,0.541,2026-09-27T06:00:00,58.0,2026-09-27T06:00:00,0.229,2026-09-27T00:45:00,12.0,2026-09-27T00:45:00,0.15,2026-09-27T06:00:00,29.0,2026-09-27T06:00:00,1.01,2026-09-27T06:00:00,25.0,2026-09-27T06:00:00,2026-09-27,0.0,0.0,0.0,0.0,0.1,8.63,0.0,6.82,503.11,13.49,2026-09-26T11:00:00
2026-09-27T04:30:00+00:00,2.83,2026-09-27T06:30:00,2.5,2026-09-27T06:30:00,48.0,2026-09-27T06:30:00,0.0,0.0,0.0,8.6,,,1.06,2026-09-27T06:30:00,71.0,2026-09-27T06:30:00,,,0.0,0.0,9.2,,,,,,,0.0,,,,,,,,,,,,,,,,,,,0.218,0.213,0.169,0.321,0.165,0.188,0.147,0.276,,49.0,2026-09-27T06:30:00,0.541,2026-09-27T06:30:00,58.0,2026-09-27T06:30:00,0.229,2026-09-27T06:30:00,12.0,2026-09-27T06:30:00,0.15,2026-09-27T06:30:00,29.0,2026-09-27T06:30:00,1.1,2026-09-27T06:30:00,26.0,2026-09-27T06:30:00,,,,,,,,,,,,
2026-09-27T04:45:00+00:00,2.83,2026-09-27T06:45:00,2.5,2026-09-27T06:45:00,48.0,2026-09-27T06:45:00,0.0,0.0,0.0,8.6,,,0.959,2026-09-27T06:45:00,70.0,2026-09-27T06:45:00,,,0.0,0.0,9.2,,,,,,,0.0,,,,,,,,,,,,,,,,,,,0.218,0.213,0.169,0.321,0.165,0.188,0.147,0.276,,49.0,2026-09-27T06:45:00,0.541,2026-09-27T06:45:00,58.0,2026-09-27T06:45:00,0.229,2026-09-27T06:45:00,12.0,2026-09-27T06:45:00,0.15,2026-09-27T06:45:00,29.0,2026-09-27T06:45:00,1.19,2026-09-27T06:45:00,27.0,2026-09-27T06:45:00,,,,,,,,,,,,
2026-09-27T05:00:00+00:00,2.83,2026-09-27T07:00:00,2.5,2026-09-27T07:00:00,48.0,2026-09-27T07:00:00,0.0,0.0,0.0,8.4,,,0.865,2026-09-27T07:00:00,69.0,2026-09-27T07:00:00,,,0.0,0.0,9.2,,,,,,,0.0,,,,,,,,,,,,,,,,,,,0.218,0.213,0.169,0.321,0.165,0.188,0.147,0.276,,49.0,2026-09-27T07:00:00,0.541,2026-09-27T07:00:00,58.0,2026-09-27T07:00:00,0.229,2026-09-27T07:00:00,12.0,2026-09-27T07:00:00,0.15,2026-09-27T07:00:00,29.0,2026-09-27T07:00:00,1.19,2026-09-27T07:00:00,27.0,2026-09-27T07:00:00,,,,,,,,,,,,
2026-09-27T05:15:00+00:00,2.83,2026-09-27T07:15:00,2.5,2026-09-27T07:15:00,48.0,2026-09-27T07:15:00,0.0,0.0,0.0,8.4,,,0.959,2026-09-27T07:15:00,70.0,2026-09-27T07:15:00,,,0.0,0.0,9.2,,,,,,,0.0,,,,,,,,,,,,,,,,,,,0.218,0.213,0.169,0.321,0.165,0.188,0.147,0.276,,49.0,2026-09-27T07:15:00,0.541,2026-09-27T07:15:00,58.0,2026-09-27T07:15:00,0.229,2026-09-27T07:15:00,12.0,2026-09-27T07:15:00,0.15,2026-09-27T07:15:00,29.0,2026-09-27T07:15:00,1.19,2026-09-27T07:15:00,27.0,2026-09-27T07:15:00,,,,,,,,,,,,
2026-09-27T05:30:00+00:00,2.83,2026-09-27T07:30:00,2.5,2026-09-27T07:30:00,48.0,2026-09-27T07:30:00,0.0,0.0,0.0,8.4,,,0.959,2026-09-27T07:30:00,70.0,2026-09-27T07:30:00,,,0.0,0.0,9.2,,,,,,,0.0,,,,,,,,,,,,,,,,,,,0.218,0.213,0.169,0.321,0.165,0.188,0.147,0.276,,49.0,2026-09-27T07:30:00,0.541,2026-09-27T07:30:00,58.0,2026-09-27T07:30:00,0.229,2026-09-27T07:30:00,12.0,2026-09-27T07:30:00,0.15,2026-09-27T07:30:00,29.0,2026-09-27T07:30:00,1.19,2026-09-27T07:30:00,27.0,2026-09-27T07:30:00,,,,,,,,,,,,
2026-09-27T05:45:00+00:00,2.83,2026-09-27T07:45:00,2.5,2026-09-27T07:45:00,48.0,2026-09-27T07:45:00,0.0,0.0,0.0,8.4,,,0.959,2026-09-27T07:45:00,70.0,2026-09-27T07:45:00,,,0.0,0.0,9.2,,,,,,,0.0,,,,,,,,,,,,,,,,,,,0.218,0.213,0.169,0.321,0.165,0.188,0.147,0.276,,49.0,2026-09-27T07:45:00,0.541,2026-09-27T07:45:00,58.0,2026-09-27T07:45:00,0.229,2026-09-27T07:45:00,12.0,2026-09-27T07:45:00,0.15,2026-09-27T07:45:00,29.0,2026-09-27T07:45:00,1.19,2026-09-27T07:45:00,27.0,2026-09-27T07:45:00,,,,,,,,,,,,
2026-09-27T06:00:00+00:00,2.83,2026-09-27T08:00:00,2.5,2026-09-27T08:00:00,48.0,2026-09-27T08:00:00,0.0,0.0,0.0,9.5,,,1.06,2026-09-27T08:00:00,71.0,2026-09-27T08:00:00,,,0.0,0.0,10.7,,,,,,,0.0,,,,,,,,,,,,,,,,,,,0.218,0.213,0.169,0.321,0.165,0.188,0.147,0.276,,49.0,2026-09-27T08:00:00,0.541,2026-09-27T08:00:00,58.0,2026-09-27T08:00:00,0.229,2026-09-27T08:00:00,12.0,2026-09-27T08:00:00,0.15,2026-09-27T08:00:00,29.0,2026-09-27T08:00:00,1.19,2026-09-27T08:00:00,27.0,2026-09-27T08:00:00,,,,,,,,,,,,
2026-09-27T06:15:00+00:00,2.83,2026-09-27T08:15:00,2.5,2026-09-27T08:15:00,48.0,2026-09-27T08:15:00,0.0,0.0,0.0,9.5,,,1.06,2026-09-27T08:15:00,71.0,2026-09-27T08:15:00,,,0.0,0.0,10.7,,,,,,,0.0,,,,,,,,,,,,,,,,,,,0.218,0.213,0.169,0.321,0.165,0.188,0.147,0.276,,49.0,2026-09-27T08:15:00,0.541,2026-09-27T08:15:00,58.0,2026-09-27T08:15:00,0.229,2026-09-27T08:15:00,12.0,2026-09-27T08:15:00,0.15,2026-09-27T08:15:00,29.0,2026-09-27T08:15:00,1.19,2026-09-27T08:15:00,27.0,2026-09-27T08:15:00,,,,,,,,,,,,
2026-09-27T06:30:00+00:00,2.83,2026-09-27T08:30:00,2.5,2026-09-27T08:30:00,48.0,2026-09-27T08:30:00,0.0,0.0,0.0,9.5,,,1.06,2026-09-27T08:30:00,71.0,2026-09-27T08:30:00,,,0.0,0.0,10.7,,,,,,,0.0,,,,,,,,,,,,,,,,,,,0.218,0.213,0.169,0.321,0.165,0.188,0.147,0.276,,49.0,2026-09-27T08:30:00,0.541,2026-09-27T08:30:00,58.0,2026-09-27T08:30:00,0.229,2026-09-27T08:30:00,12.0,2026-09-27T08:30:00,0.15,2026-09-27T08:30:00,29.0,2026-09-27T08:30:00,1.1,2026-09-27T08:30:00,26.0,2026-09-27T08:30:00,,,,,,,,,,,,
2026-09-27T06:45:00+00:00,3.02,2026-09-27T08:45:00,2.5,2026-09-27T08:45:00,48.0,2026-09-27T08:45:00,0.0,0.0,0.0,9.5,,,1.06,2026-09-27T08:45:00,71.0,2026-09-27T08:45:00,,,0.0,0.0,10.7,,,,,,,0.0,,,,,,,,,,,,,,,,,,,0.218,0.213,0.169,0.321,0.165,0.188,0.147,0.276,,50.0,2026-09-27T08:45:00,0.541,2026-09-27T08:45:00,58.0,2026-09-27T08:45:00,0.229,2026-09-27T08:45:00,12.0,2026-09-27T08:45:00,0.193,2026-09-27T08:45:00,30.0,2026-09-27T08:45:00,1.1,2026-09-27T08:45:00,26.0,2026-09-27T08:45:00,,,,,,,,,,,,
2026-09-27T07:00:00+00:00,3.21,2026-09-27T09:00:00,2.5,2026-09-27T09:00:00,48.0,2026-09-27T09:00:00,0.0,0.0,0.0,13.2,,,1.06,2026-09-27T09:00:00,71.0,2026-09-27T09:00:00,,,0.0,0.0,14.9,,,,,,,0.0,,,,,,,,,,,,,,,,,,,0.218,0.213,0.169,0.321,0.165,0.188,0.147,0.276,,51.0,2026-09-27T09:00:00,0.541,2026-09-27T09:00:00,58.0,2026-09-27T09:00:00,0.229,2026-09-27T09:00:00,12.0,2026-09-27T09:00:00,0.193,2026-09-27T09:00:00,30.0,2026-09-27T09:00:00,1.1,2026-09-27T09:00:00,26.0,2026-09-27T09:00:00,,,,,,,,,,,,
2026-09-27T07:15:00+00:00,3.21,2026-09-27T09:15:00,2.5,2026-09-27T09:15:00,48.0,2026-09-27T09:15:00,0.0,0.0,0.0,13.2,,,1.06,2026-09-27T09:15:00,71.0,2026-09-27T09:15:00,,,0.0,0.0,14.9,,,,,,,0.0,,,,,,,,,,,,,,,,,,,0.218,0.213,0.169,0.321,0.165,0.188,0.147,0.276,,51.0,2026-09-27T09:15:00,0.541,2026-09-27T09:15:00,58.0,2026-09-27T09:15:00,0.229,2026-09-27T09:15:00,12.0,2026-09-27T09:15:00,0.193,2026-09-27T09:15:00,30.0,2026-09-27T09:15:00,1.1,2026-09-27T09:15:00,26.0,2026-09-27T09:15:00,,,,,,,,,,,,
2026-09-27T07:30:00+00:00,3.02,2026-09-27T09:30:00,2.5,2026-09-27T09:30:00,48.0,2026-09-27T09:30:00,0.0,0.0,0.0,13.2,,,1.06,2026-09-27T09:30:00,71.0,2026-09-27T09:30:00,,,0.0,0.0,14.9,,,,,,,0.0,,,,,,,,,,,,,,,,,,,0.218,0.213,0.169,0.321,0.165,0.188,0.147,0.276,,50.0,2026-09-27T09:30:00,0.541,2026-09-27T09:30:00,58.0,2026-09-27T09:30:00,0.229,2026-09-27T09:30:00,12.0,2026-09-27T09:30:00,0.256,2026-09-27T09:30:00,31.0,2026-09-27T09:30:00,1.1,2026-09-27T09:30:00,26.0,2026-09-27T09:30:00,,,,,,,,,,,,
2026-09-27T07:45:00+00:00,3.02,2026-09-27T09:45:00,2.5,2026-09-27T09:45:00,48.0,2026-09-27T09:45:00,0.0,0.0,0.0,13.2,,,1.06,2026-09-27T09:45:00,71.0,2026-09-27T09:45:00,,,0.0,0.0,14.9,,,,,,,0.0,,,,,,,,,,,,,,,,,,,0.218,0.213,0.169,0.321,0.165,0.188,0.147,0.276,,50.0,2026-09-27T09:45:00,0.541,2026-09-27T09:45:00,58.0,2026-09-27T09:45:00,0.229,2026-09-27T09:45:00,12.0,2026-09-27T09:45:00,0.256,2026-09-27T09:45:00,31.0,2026-09-27T09:45:00,1.1,2026-09-27T09:45:00,26.0,2026-09-27T09:45:00,,,,,,,,,,,,
2026-09-27T08:04:27.797637+00:00,3.02,2026-09-27T10:00:00,2.5,2026-09-27T10:00:00,48.0,2026-09-27T10:00:00,0.0,0.0,0.0,15.7,,,1.06,2026-09-27T10:00:00,71.0,2026-09-27T10:00:00,874.59,2026-09-27T10:00:00,0.0,0.0,17.8,0.0,0.0,0.791,2026-09-27T10:00:00,53.0,2026-09-27T10:00:00,0.0,0.0,2026-09-27T09:50:00,0.0,2026-09-27T09:55:00,0.0,2026-09-27T09:55:00,0.0,0.0,0.0,0.0,0.0,0.0,0.0,0.0,0.0,0.0,0.0,0.0,0.218,0.213,0.169,0.321,0.165,0.188,0.147,0.276,2026-09-27T08:00,50.0,2026-09-27T10:00:00,0.541,2026-09-27T10:00:00,58.0,2026-09-27T10:00:00,0.229,2026-09-27T00:45:00,12.0,2026-09-27T00:45:00,0.256,2026-09-27T10:00:00,31.0,2026-09-27T10:00:00,1.1,2026-09-27T10:00:00,26.0,2026-09-27T10:00:00,2026-09-27,0.0,0.0,0.0,0.0,0.1,8.63,0.0,0.0,503.11,13.49,2026-09-26T11:00:00
2026-09-27T08:24:32.723899+00:00,3.02,2026-09-27T10:15:00,2.36,2026-09-27T10:15:00,47.0,2026-09-27T10:15:00,0.0,0.0,0.0,16.6,,,1.06,2026-09-27T10:15:00,71.0,2026-09-27T10:15:00,874.59,2026-09-27T10:15:00,0.0,0.0,18.3,0.0,0.0,0.82,2026-09-27T10:15:00,54.0,2026-09-27T10:15:00,0.0,0.0,2026-09-27T10:10:00,0.0,2026-09-27T09:55:00,0.0,2026-09-27T10:15:00,0.0,0.0,0.0,0.0,0.0,0.0,0.0,0.0,0.0,0.0,0.0,0.0,0.218,0.213,0.169,0.321,0.165,0.188,0.147,0.276,2026-09-27T08:00,50.0,2026-09-27T10:15:00,0.541,2026-09-27T10:15:00,58.0,2026-09-27T10:15:00,0.229,2026-09-27T00:45:00,12.0,2026-09-27T00:45:00,0.256,2026-09-27T10:15:00,31.0,2026-09-27T10:15:00,1.1,2026-09-27T10:15:00,26.0,2026-09-27T10:15:00,2026-09-27,0.0,0.0,0.0,0.0,0.1,8.63,0.0,0.0,503.11,13.49,2026-09-26T11:00:00
2026-09-27T08:30:00+00:00,2.83,2026-09-27T10:30:00,2.5,2026-09-27T10:30:00,48.0,2026-09-27T10:30:00,0.0,0.0,0.0,17.6,,,1.06,2026-09-27T10:30:00,71.0,2026-09-27T10:30:00,,,0.0,0.0,18.6,,,,,,,0.0,,,,,,,,,,,,,,,,,,,0.218,0.213,0.169,0.321,0.164,0.188,0.147,0.276,,49.0,2026-09-27T10:30:00,0.541,2026-09-27T10:30:00,58.0,2026-09-27T10:30:00,0.229,2026-09-27T10:30:00,12.0,2026-09-27T10:30:00,0.256,2026-09-27T10:30:00,31.0,2026-09-27T10:30:00,1.01,2026-09-27T10:30:00,25.0,2026-09-27T10:30:00,,,,,,,,,,,,
2026-09-27T08:32:17.837551+00:00,3.02,2026-09-27T10:15:00,2.36,2026-09-27T10:15:00,47.0,2026-09-27T10:15:00,0.0,0.0,0.0,17.4,,,1.06,2026-09-27T10:15:00,71.0,2026-09-27T10:15:00,874.59,2026-09-27T10:15:00,0.0,0.0,18.7,0.0,0.0,0.86,2026-09-27T10:30:00,55.0,2026-09-27T10:30:00,0.0,0.0,2026-09-27T10:15:00,0.0,2026-09-27T10:25:00,0.0,2026-09-27T10:20:00,0.0,0.0,0.0,0.0,0.0,0.0,0.0,0.0,0.0,0.0,0.0,0.0,0.218,0.213,0.169,0.321,0.165,0.188,0.147,0.276,2026-09-27T08:00,50.0,2026-09-27T10:15:00,0.541,2026-09-27T10:15:00,58.0,2026-09-27T10:15:00,0.229,2026-09-27T00:45:00,12.0,2026-09-27T00:45:00,0.256,2026-09-27T10:15:00,31.0,2026-09-27T10:15:00,1.1,2026-09-27T10:15:00,26.0,2026-09-27T10:15:00,2026-09-27,0.0,0.0,0.0,0.0,0.1,8.63,0.0,0.0,503.11,13.49,2026-09-26T11:00:00
2026-09-27T08:45:00+00:00,2.83,2026-09-27T10:45:00,2.5,2026-09-27T10:45:00,48.0,2026-09-27T10:45:00,0.0,0.0,0.0,17.6,,,1.06,2026-09-27T10:45:00,71.0,2026-09-27T10:45:00,,,0.0,0.0,18.6,,,,,,,0.0,,,,,,,,,,,,,,,,,,,0.218,0.213,0.169,0.321,0.164,0.188,0.147,0.276,,49.0,2026-09-27T10:45:00,0.541,2026-09-27T10:45:00,58.0,2026-09-27T10:45:00,0.229,2026-09-27T10:45:00,12.0,2026-09-27T10:45:00,0.256,2026-09-27T10:45:00,31.0,2026-09-27T10:45:00,1.01,2026-09-27T10:45:00,25.0,2026-09-27T10:45:00,,,,,,,,,,,,
2026-09-27T09:00:00+00:00,2.83,2026-09-27T11:00:00,2.5,2026-09-27T11:00:00,48.0,2026-09-27T11:00:00,0.0,0.0,0.0,20.0,,,1.06,2026-09-27T11:00:00,71.0,2026-09-27T11:00:00,,,0.0,0.0,20.3,,,,,,,0.0,,,,,,,,,,,,,,,,,,,0.216,0.213,0.169,0.321,0.163,0.188,0.147,0.276,,49.0,2026-09-27T11:00:00,0.541,2026-09-27T11:00:00,58.0,2026-09-27T11:00:00,0.229,2026-09-27T11:00:00,12.0,2026-09-27T11:00:00,0.256,2026-09-27T11:00:00,31.0,2026-09-27T11:00:00,1.01,2026-09-27T11:00:00,25.0,2026-09-27T11:00:00,,,,,,,,,,,,
2026-09-27T09:15:00+00:00,2.83,2026-09-27T11:15:00,2.5,2026-09-27T11:15:00,48.0,2026-09-27T11:15:00,0.0,0.0,0.0,20.0,,,1.06,2026-09-27T11:15:00,71.0,2026-09-27T11:15:00,,,0.0,0.0,20.3,,,,,,,0.0,,,,,,,,,,,,,,,,,,,0.216,0.213,0.169,0.321,0.163,0.188,0.147,0.276,,49.0,2026-09-27T11:15:00,0.541,2026-09-27T11:15:00,58.0,2026-09-27T11:15:00,0.229,2026-09-27T11:15:00,12.0,2026-09-27T11:15:00,0.256,2026-09-27T11:15:00,31.0,2026-09-27T11:15:00,1.01,2026-09-27T11:15:00,25.0,2026-09-27T11:15:00,,,,,,,,,,,,
2026-09-27T09:30:00+00:00,2.83,2026-09-27T11:30:00,2.5,2026-09-27T11:30:00,48.0,2026-09-27T11:30:00,0.0,0.0,0.0,20.0,,,1.06,2026-09-27T11:30:00,71.0,2026-09-27T11:30:00,,,0.0,0.0,20.3,,,,,,,0.0,,,,,,,,,,,,,,,,,,,0.216,0.213,0.169,0.321,0.163,0.188,0.147,0.276,,49.0,2026-09-27T11:30:00,0.541,2026-09-27T11:30:00,58.0,2026-09-27T11:30:00,0.229,2026-09-27T11:30:00,12.0,2026-09-27T11:30:00,0.256,2026-09-27T11:30:00,31.0,2026-09-27T11:30:00,1.01,2026-09-27T11:30:00,25.0,2026-09-27T11:30:00,,,,,,,,,,,,
2026-09-27T09:45:00+00:00,2.65,2026-09-27T11:45:00,2.5,2026-09-27T11:45:00,48.0,2026-09-27T11:45:00,0.0,0.0,0.0,20.0,,,1.06,2026-09-27T11:45:00,71.0,2026-09-27T11:45:00,,,0.0,0.0,20.3,,,,,,,0.0,,,,,,,,,,,,,,,,,,,0.216,0.213,0.169,0.321,0.163,0.188,0.147,0.276,,48.0,2026-09-27T11:45:00,0.541,2026-09-27T11:45:00,58.0,2026-09-27T11:45:00,0.229,2026-09-27T11:45:00,12.0,2026-09-27T11:45:00,0.256,2026-09-27T11:45:00,31.0,2026-09-27T11:45:00,1.01,2026-09-27T11:45:00,25.0,2026-09-27T11:45:00,,,,,,,,,,,,
2026-09-27T10:15:00+00:00,2.65,2026-09-27T12:15:00,2.5,2026-09-27T12:15:00,48.0,2026-09-27T12:15:00,0.0,0.0,0.0,21.0,,,1.06,2026-09-27T12:15:00,71.0,2026-09-27T12:15:00,,,0.0,0.0,20.9,,,,,,,0.0,,,,,,,,,,,,,,,,,,,0.219,0.215,0.17,0.321,0.167,0.188,0.147,0.276,,48.0,2026-09-27T12:15:00,0.541,2026-09-27T12:15:00,58.0,2026-09-27T12:15:00,0.229,2026-09-27T12:15:00,12.0,2026-09-27T12:15:00,0.256,2026-09-27T12:15:00,31.0,2026-09-27T12:15:00,1.01,2026-09-27T12:15:00,25.0,2026-09-27T12:15:00,,,,,,,,,,,,
2026-09-27T10:16:02.981693+00:00,2.65,2026-09-27T12:00:00,2.5,2026-09-27T12:00:00,48.0,2026-09-27T12:00:00,0.0,0.0,0.0,21.6,,,1.06,2026-09-27T12:00:00,71.0,2026-09-27T12:00:00,874.59,2026-09-27T12:00:00,0.0,0.0,20.8,0.0,0.0,0.86,2026-09-27T12:00:00,55.0,2026-09-27T12:00:00,0.0,0.0,2026-09-27T12:00:00,0.0,2026-09-27T11:55:00,0.0,2026-09-27T12:05:00,0.0,0.0,0.0,0.0,0.0,0.0,0.0,0.0,0.0,0.0,0.0,0.0,0.218,0.213,0.169,0.321,0.164,0.188,0.147,0.276,2026-09-27T10:00,48.0,2026-09-27T12:00:00,0.541,2026-09-27T12:00:00,58.0,2026-09-27T12:00:00,0.229,2026-09-27T00:45:00,12.0,2026-09-27T00:45:00,0.256,2026-09-27T12:00:00,31.0,2026-09-27T12:00:00,1.01,2026-09-27T12:00:00,25.0,2026-09-27T12:00:00,2026-09-27,0.0,0.0,0.0,0.0,0.0,5.92,0.0,0.0,503.1,13.5,2026-09-27T11:00:00
2026-09-27T10:30:00+00:00,2.65,2026-09-27T12:30:00,2.36,2026-09-27T12:30:00,47.0,2026-09-27T12:30:00,0.0,0.0,0.0,21.0,,,1.06,2026-09-27T12:30:00,71.0,2026-09-27T12:30:00,,,0.0,0.0,20.9,,,,,,,0.0,,,,,,,,,,,,,,,,,,,0.219,0.215,0.17,0.321,0.167,0.188,0.147,0.276,,48.0,2026-09-27T12:30:00,0.541,2026-09-27T12:30:00,58.0,2026-09-27T12:30:00,0.229,2026-09-27T12:30:00,12.0,2026-09-27T12:30:00,0.256,2026-09-27T12:30:00,31.0,2026-09-27T12:30:00,1.01,2026-09-27T12:30:00,25.0,2026-09-27T12:30:00,,,,,,,,,,,,
2026-09-27T10:45:00+00:00,2.65,2026-09-27T12:45:00,2.5,2026-09-27T12:45:00,48.0,2026-09-27T12:45:00,0.0,0.0,0.0,21.0,,,1.17,2026-09-27T12:45:00,72.0,2026-09-27T12:45:00,,,0.0,0.0,20.9,,,,,,,0.0,,,,,,,,,,,,,,,,,,,0.219,0.215,0.17,0.321,0.167,0.188,0.147,0.276,,48.0,2026-09-27T12:45:00,0.541,2026-09-27T12:45:00,58.0,2026-09-27T12:45:00,0.229,2026-09-27T12:45:00,12.0,2026-09-27T12:45:00,0.256,2026-09-27T12:45:00,31.0,2026-09-27T12:45:00,1.01,2026-09-27T12:45:00,25.0,2026-09-27T12:45:00,,,,,,,,,,,,
2026-09-27T11:00:00+00:00,2.65,2026-09-27T13:00:00,2.5,2026-09-27T13:00:00,48.0,2026-09-27T13:00:00,0.0,0.0,0.0,22.0,,,1.06,2026-09-27T13:00:00,71.0,2026-09-27T13:00:00,,,0.0,0.0,21.5,,,,,,,0.0,,,,,,,,,,,,,,,,,,,0.217,0.215,0.17,0.321,0.165,0.187,0.147,0.276,,48.0,2026-09-27T13:00:00,0.541,2026-09-27T13:00:00,58.0,2026-09-27T13:00:00,0.229,2026-09-27T13:00:00,12.0,2026-09-27T13:00:00,0.193,2026-09-27T13:00:00,30.0,2026-09-27T13:00:00,1.01,2026-09-27T13:00:00,25.0,2026-09-27T13:00:00,,,,,,,,,,,,
2026-09-27T11:15:00+00:00,2.65,2026-09-27T13:15:00,2.5,2026-09-27T13:15:00,48.0,2026-09-27T13:15:00,0.0,0.0,0.0,22.0,,,1.06,2026-09-27T13:15:00,71.0,2026-09-27T13:15:00,,,0.0,0.0,21.5,,,,,,,0.0,,,,,,,,,,,,,,,,,,,0.217,0.215,0.17,0.321,0.165,0.187,0.147,0.276,,48.0,2026-09-27T13:15:00,0.541,2026-09-27T13:15:00,58.0,2026-09-27T13:15:00,0.229,2026-09-27T13:15:00,12.0,2026-09-27T13:15:00,0.193,2026-09-27T13:15:00,30.0,2026-09-27T13:15:00,1.01,2026-09-27T13:15:00,25.0,2026-09-27T13:15:00,,,,,,,,,,,,
2026-09-27T11:30:00+00:00,2.65,2026-09-27T13:30:00,2.5,2026-09-27T13:30:00,48.0,2026-09-27T13:30:00,0.0,0.0,0.0,22.0,,,1.06,2026-09-27T13:30:00,71.0,2026-09-27T13:30:00,,,0.0,0.0,21.5,,,,,,,0.0,,,,,,,,,,,,,,,,,,,0.217,0.215,0.17,0.321,0.165,0.187,0.147,0.276,,48.0,2026-09-27T13:30:00,0.541,2026-09-27T13:30:00,58.0,2026-09-27T13:30:00,0.229,2026-09-27T13:30:00,12.0,2026-09-27T13:30:00,0.193,2026-09-27T13:30:00,30.0,2026-09-27T13:30:00,1.01,2026-09-27T13:30:00,25.0,2026-09-27T13:30:00,,,,,,,,,,,,
2026-09-27T11:45:00+00:00,2.65,2026-09-27T13:45:00,2.5,2026-09-27T13:45:00,48.0,2026-09-27T13:45:00,0.0,0.0,0.0,22.0,,,1.06,2026-09-27T13:45:00,71.0,2026-09-27T13:45:00,,,0.0,0.0,21.5,,,,,,,0.0,,,,,,,,,,,,,,,,,,,0.217,0.215,0.17,0.321,0.165,0.187,0.147,0.276,,48.0,2026-09-27T13:45:00,0.541,2026-09-27T13:45:00,58.0,2026-09-27T13:45:00,0.229,2026-09-27T13:45:00,12.0,2026-09-27T13:45:00,0.193,2026-09-27T13:45:00,30.0,2026-09-27T13:45:00,1.01,2026-09-27T13:45:00,25.0,2026-09-27T13:45:00,,,,,,,,,,,,
2026-09-27T12:00:00+00:00,2.65,2026-09-27T14:00:00,2.36,2026-09-27T14:00:00,47.0,2026-09-27T14:00:00,0.0,0.0,0.0,23.6,,,1.06,2026-09-27T14:00:00,71.0,2026-09-27T14:00:00,,,0.0,0.0,22.0,,,,,,,0.0,,,,,,,,,,,,,,,,,,,0.211,0.212,0.169,0.321,0.148,0.179,0.147,0.276,,48.0,2026-09-27T14:00:00,0.541,2026-09-27T14:00:00,58.0,2026-09-27T14:00:00,0.229,2026-09-27T14:00:00,12.0,2026-09-27T14:00:00,0.193,2026-09-27T14:00:00,30.0,2026-09-27T14:00:00,1.01,2026-09-27T14:00:00,25.0,2026-09-27T14:00:00,,,,,,,,,,,,
2026-09-27T12:15:00+00:00,2.83,2026-09-27T14:15:00,2.36,2026-09-27T14:15:00,47.0,2026-09-27T14:15:00,0.0,0.0,0.0,23.6,,,1.06,2026-09-27T14:15:00,71.0,2026-09-27T14:15:00,,,0.0,0.0,22.0,,,,,,,0.0,,,,,,,,,,,,,,,,,,,0.211,0.212,0.169,0.321,0.148,0.179,0.147,0.276,,49.0,2026-09-27T14:15:00,0.541,2026-09-27T14:15:00,58.0,2026-09-27T14:15:00,0.229,2026-09-27T14:15:00,12.0,2026-09-27T14:15:00,0.193,2026-09-27T14:15:00,30.0,2026-09-27T14:15:00,1.01,2026-09-27T14:15:00,25.0,2026-09-27T14:15:00,,,,,,,,,,,,
2026-09-27T12:30:00+00:00,2.83,2026-09-27T14:30:00,2.36,2026-09-27T14:30:00,47.0,2026-09-27T14:30:00,0.0,0.0,0.0,23.6,,,1.17,2026-09-27T14:30:00,72.0,2026-09-27T14:30:00,,,0.0,0.0,22.0,,,,,,,0.0,,,,,,,,,,,,,,,,,,,0.211,0.212,0.169,0.321,0.148,0.179,0.147,0.276,,49.0,2026-09-27T14:30:00,0.541,2026-09-27T14:30:00,58.0,2026-09-27T14:30:00,0.229,2026-09-27T14:30:00,12.0,2026-09-27T14:30:00,0.193,2026-09-27T14:30:00,30.0,2026-09-27T14:30:00,1.01,2026-09-27T14:30:00,25.0,2026-09-27T14:30:00,,,,,,,,,,,,
2026-09-27T12:45:00+00:00,2.83,2026-09-27T14:45:00,2.36,2026-09-27T14:45:00,47.0,2026-09-27T14:45:00,0.0,0.0,0.0,23.6,,,1.17,2026-09-27T14:45:00,72.0,2026-09-27T14:45:00,,,0.0,0.0,22.0,,,,,,,0.0,,,,,,,,,,,,,,,,,,,0.211,0.212,0.169,0.321,0.148,0.179,0.147,0.276,,49.0,2026-09-27T14:45:00,0.541,2026-09-27T14:45:00,58.0,2026-09-27T14:45:00,0.229,2026-09-27T14:45:00,12.0,2026-09-27T14:45:00,0.193,2026-09-27T14:45:00,30.0,2026-09-27T14:45:00,1.01,2026-09-27T14:45:00,25.0,2026-09-27T14:45:00,,,,,,,,,,,,
2026-09-27T13:00:00+00:00,2.83,2026-09-27T15:00:00,2.36,2026-09-27T15:00:00,47.0,2026-09-27T15:00:00,0.0,0.0,0.0,24.3,,,1.17,2026-09-27T15:00:00,72.0,2026-09-27T15:00:00,,,0.0,0.0,22.0,,,,,,,0.0,,,,,,,,,,,,,,,,,,,0.209,0.211,0.169,0.321,0.147,0.179,0.147,0.276,,49.0,2026-09-27T15:00:00,0.541,2026-09-27T15:00:00,58.0,2026-09-27T15:00:00,0.229,2026-09-27T15:00:00,12.0,2026-09-27T15:00:00,0.193,2026-09-27T15:00:00,30.0,2026-09-27T15:00:00,1.01,2026-09-27T15:00:00,25.0,2026-09-27T15:00:00,,,,,,,,,,,,
2026-09-27T13:15:00+00:00,2.83,2026-09-27T15:15:00,2.36,2026-09-27T15:15:00,47.0,2026-09-27T15:15:00,0.0,0.0,0.0,24.3,,,1.17,2026-09-27T15:15:00,72.0,2026-09-27T15:15:00,,,0.0,0.0,22.0,,,,,,,0.0,,,,,,,,,,,,,,,,,,,0.209,0.211,0.169,0.321,0.147,0.179,0.147,0.276,,49.0,2026-09-27T15:15:00,0.541,2026-09-27T15:15:00,58.0,2026-09-27T15:15:00,0.229,2026-09-27T15:15:00,12.0,2026-09-27T15:15:00,0.193,2026-09-27T15:15:00,30.0,2026-09-27T15:15:00,1.01,2026-09-27T15:15:00,25.0,2026-09-27T15:15:00,,,,,,,,,,,,
2026-09-27T13:30:00+00:00,2.65,2026-09-27T15:30:00,2.36,2026-09-27T15:30:00,47.0,2026-09-27T15:30:00,0.0,0.0,0.0,24.3,,,1.17,2026-09-27T15:30:00,72.0,2026-09-27T15:30:00,,,0.0,0.0,22.0,,,,,,,0.0,,,,,,,,,,,,,,,,,,,0.209,0.211,0.169,0.321,0.147,0.179,0.147,0.276,,48.0,2026-09-27T15:30:00,0.541,2026-09-27T15:30:00,58.0,2026-09-27T15:30:00,0.229,2026-09-27T15:30:00,12.0,2026-09-27T15:30:00,0.193,2026-09-27T15:30:00,30.0,2026-09-27T15:30:00,1.01,2026-09-27T15:30:00,25.0,2026-09-27T15:30:00,,,,,,,,,,,,
2026-09-27T13:54:39.535561+00:00,2.65,2026-09-27T15:45:00,2.36,2026-09-27T15:45:00,47.0,2026-09-27T15:45:00,0.0,0.0,0.0,24.5,,,1.17,2026-09-27T15:45:00,72.0,2026-09-27T15:45:00,874.59,2026-09-27T15:45:00,0.0,0.0,21.6,0.0,0.0,0.86,2026-09-27T15:45:00,55.0,2026-09-27T15:45:00,0.0,0.0,2026-09-27T15:40:00,0.0,2026-09-27T15:25:00,0.0,2026-09-27T15:45:00,0.0,0.0,0.0,0.0,0.0,0.0,0.0,0.0,0.0,0.0,0.0,0.0,0.217,0.215,0.17,0.321,0.165,0.187,0.147,0.276,2026-09-27T13:00,48.0,2026-09-27T15:45:00,0.541,2026-09-27T15:45:00,58.0,2026-09-27T15:45:00,0.229,2026-09-27T00:45:00,12.0,2026-09-27T00:45:00,0.193,2026-09-27T15:45:00,30.0,2026-09-27T15:45:00,1.01,2026-09-27T15:45:00,25.0,2026-09-27T15:45:00,2026-09-27,0.0,0.0,0.0,0.0,0.0,5.92,0.0,0.0,503.1,13.5,2026-09-27T11:00:00
2026-09-27T14:08:51.674422+00:00,2.65,2026-09-27T16:00:00,2.36,2026-09-27T16:00:00,47.0,2026-09-27T16:00:00,0.0,0.0,0.0,24.4,,,1.17,2026-09-27T16:00:00,72.0,2026-09-27T16:00:00,874.59,2026-09-27T16:00:00,0.0,0.0,21.4,0.0,0.0,0.82,2026-09-27T16:00:00,54.0,2026-09-27T16:00:00,0.0,0.0,2026-09-27T15:50:00,0.0,2026-09-27T15:55:00,0.0,2026-09-27T15:55:00,0.0,0.0,0.0,0.0,0.0,0.0,0.0,0.0,0.0,0.0,0.0,0.0,0.215,0.214,0.17,0.321,0.164,0.187,0.147,0.276,2026-09-27T14:00,48.0,2026-09-27T16:00:00,0.541,2026-09-27T16:00:00,58.0,2026-09-27T16:00:00,0.229,2026-09-27T00:45:00,12.0,2026-09-27T00:45:00,0.193,2026-09-27T16:00:00,30.0,2026-09-27T16:00:00,1.01,2026-09-27T16:00:00,25.0,2026-09-27T16:00:00,2026-09-27,0.0,0.0,0.0,0.0,0.0,5.92,0.0,0.0,503.1,13.5,2026-09-27T11:00:00
2026-09-27T14:15:00+00:00,2.65,2026-09-27T16:15:00,2.36,2026-09-27T16:15:00,47.0,2026-09-27T16:15:00,0.0,0.0,0.0,24.4,,,1.17,2026-09-27T16:15:00,72.0,2026-09-27T16:15:00,,,0.0,0.0,21.9,,,,,,,0.0,,,,,,,,,,,,,,,,,,,0.208,0.211,0.169,0.321,0.146,0.178,0.147,0.276,,48.0,2026-09-27T16:15:00,0.541,2026-09-27T16:15:00,58.0,2026-09-27T16:15:00,0.229,2026-09-27T16:15:00,12.0,2026-09-27T16:15:00,0.193,2026-09-27T16:15:00,30.0,2026-09-27T16:15:00,1.01,2026-09-27T16:15:00,25.0,2026-09-27T16:15:00,,,,,,,,,,,,
2026-09-27T14:16:32.644387+00:00,2.65,2026-09-27T16:00:00,2.36,2026-09-27T16:00:00,47.0,2026-09-27T16:00:00,0.0,0.0,0.0,24.4,,,1.17,2026-09-27T16:00:00,72.0,2026-09-27T16:00:00,874.59,2026-09-27T16:00:00,0.0,0.0,21.3,0.0,0.0,0.82,2026-09-27T16:00:00,54.0,2026-09-27T16:00:00,0.0,0.0,2026-09-27T16:00:00,0.0,2026-09-27T15:55:00,0.0,2026-09-27T16:05:00,0.0,0.0,0.0,0.0,0.0,0.0,0.0,0.0,0.0,0.0,0.0,0.0,0.215,0.214,0.17,0.321,0.164,0.187,0.147,0.276,2026-09-27T14:00,48.0,2026-09-27T16:00:00,0.541,2026-09-27T16:00:00,58.0,2026-09-27T16:00:00,0.229,2026-09-27T00:45:00,12.0,2026-09-27T00:45:00,0.193,2026-09-27T16:00:00,30.0,2026-09-27T16:00:00,1.01,2026-09-27T16:00:00,25.0,2026-09-27T16:00:00,2026-09-27,0.0,0.0,0.0,0.0,0.0,5.92,0.0,0.0,503.1,13.5,2026-09-27T11:00:00
2026-09-27T14:30:00+00:00,2.49,2026-09-27T16:30:00,2.36,2026-09-27T16:30:00,47.0,2026-09-27T16:30:00,0.0,0.0,0.0,24.4,,,1.17,2026-09-27T16:30:00,72.0,2026-09-27T16:30:00,,,0.0,0.0,21.9,,,,,,,0.0,,,,,,,,,,,,,,,,,,,0.208,0.211,0.169,0.321,0.146,0.178,0.147,0.276,,47.0,2026-09-27T16:30:00,0.541,2026-09-27T16:30:00,58.0,2026-09-27T16:30:00,0.229,2026-09-27T16:30:00,12.0,2026-09-27T16:30:00,0.193,2026-09-27T16:30:00,30.0,2026-09-27T16:30:00,1.01,2026-09-27T16:30:00,25.0,2026-09-27T16:30:00,,,,,,,,,,,,
2026-09-27T14:45:00+00:00,2.49,2026-09-27T16:45:00,2.36,2026-09-27T16:45:00,47.0,2026-09-27T16:45:00,0.0,0.0,0.0,24.4,,,1.17,2026-09-27T16:45:00,72.0,2026-09-27T16:45:00,,,0.0,0.0,21.9,,,,,,,0.0,,,,,,,,,,,,,,,,,,,0.208,0.211,0.169,0.321,0.146,0.178,0.147,0.276,,47.0,2026-09-27T16:45:00,0.541,2026-09-27T16:45:00,58.0,2026-09-27T16:45:00,0.229,2026-09-27T16:45:00,12.0,2026-09-27T16:45:00,0.193,2026-09-27T16:45:00,30.0,2026-09-27T16:45:00,1.01,2026-09-27T16:45:00,25.0,2026-09-27T16:45:00,,,,,,,,,,,,
2026-09-27T15:00:00+00:00,2.49,2026-09-27T17:00:00,2.36,2026-09-27T17:00:00,47.0,2026-09-27T17:00:00,0.0,0.0,0.0,24.1,,,1.17,2026-09-27T17:00:00,72.0,2026-09-27T17:00:00,,,0.0,0.0,21.4,,,,,,,0.0,,,,,,,,,,,,,,,,,,,0.206,0.211,0.169,0.321,0.146,0.178,0.147,0.276,,47.0,2026-09-27T17:00:00,0.541,2026-09-27T17:00:00,58.0,2026-09-27T17:00:00,0.229,2026-09-27T17:00:00,12.0,2026-09-27T17:00:00,0.193,2026-09-27T17:00:00,30.0,2026-09-27T17:00:00,1.01,2026-09-27T17:00:00,25.0,2026-09-27T17:00:00,,,,,,,,,,,,
2026-09-27T15:26:08.117445+00:00,2.33,2026-09-27T17:15:00,2.36,2026-09-27T17:15:00,47.0,2026-09-27T17:15:00,0.0,0.0,0.0,23.6,,,1.17,2026-09-27T17:15:00,72.0,2026-09-27T17:15:00,874.59,2026-09-27T17:15:00,0.0,0.0,20.4,0.0,0.0,0.82,2026-09-27T17:15:00,54.0,2026-09-27T17:15:00,0.0,0.0,2026-09-27T17:10:00,0.0,2026-09-27T16:55:00,0.0,2026-09-27T17:15:00,0.0,0.0,0.0,0.0,0.0,0.0,0.0,0.0,0.0,0.0,0.0,0.0,0.213,0.214,0.17,0.321,0.162,0.186,0.147,0.276,2026-09-27T15:00,46.0,2026-09-27T17:15:00,0.541,2026-09-27T17:15:00,58.0,2026-09-27T17:15:00,0.229,2026-09-27T00:45:00,12.0,2026-09-27T00:45:00,0.193,2026-09-27T17:15:00,30.0,2026-09-27T17:15:00,1.1,2026-09-27T17:15:00,26.0,2026-09-27T17:15:00,2026-09-27,0.0,0.0,0.0,0.0,0.0,5.92,0.0,0.0,503.1,13.5,2026-09-27T11:00:00
2026-09-27T15:30:00+00:00,2.33,2026-09-27T17:30:00,2.36,2026-09-27T17:30:00,47.0,2026-09-27T17:30:00,0.0,0.0,0.0,24.1,,,1.17,2026-09-27T17:30:00,72.0,2026-09-27T17:30:00,,,0.0,0.0,21.4,,,,,,,0.0,,,,,,,,,,,,,,,,,,,0.206,0.211,0.169,0.321,0.146,0.178,0.147,0.276,,46.0,2026-09-27T17:30:00,0.541,2026-09-27T17:30:00,58.0,2026-09-27T17:30:00,0.229,2026-09-27T17:30:00,12.0,2026-09-27T17:30:00,0.256,2026-09-27T17:30:00,31.0,2026-09-27T17:30:00,1.1,2026-09-27T17:30:00,26.0,2026-09-27T17:30:00,,,,,,,,,,,,
2026-09-27T15:45:00+00:00,2.33,2026-09-27T17:45:00,2.36,2026-09-27T17:45:00,47.0,2026-09-27T17:45:00,0.0,0.0,0.0,24.1,,,1.17,2026-09-27T17:45:00,72.0,2026-09-27T17:45:00,,,0.0,0.0,21.4,,,,,,,0.0,,,,,,,,,,,,,,,,,,,0.206,0.211,0.169,0.321,0.146,0.178,0.147,0.276,,46.0,2026-09-27T17:45:00,0.541,2026-09-27T17:45:00,58.0,2026-09-27T17:45:00,0.229,2026-09-27T17:45:00,12.0,2026-09-27T17:45:00,0.256,2026-09-27T17:45:00,31.0,2026-09-27T17:45:00,1.1,2026-09-27T17:45:00,26.0,2026-09-27T17:45:00,,,,,,,,,,,,
2026-09-27T16:00:00+00:00,2.33,2026-09-27T18:00:00,2.36,2026-09-27T18:00:00,47.0,2026-09-27T18:00:00,0.0,0.0,0.0,22.0,,,1.17,2026-09-27T18:00:00,72.0,2026-09-27T18:00:00,,,0.0,0.0,19.9,,,,,,,0.0,,,,,,,,,,,,,,,,,,,0.206,0.21,0.169,0.321,0.145,0.177,0.147,0.276,,46.0,2026-09-27T18:00:00,0.541,2026-09-27T18:00:00,58.0,2026-09-27T18:00:00,0.229,2026-09-27T18:00:00,12.0,2026-09-27T18:00:00,0.256,2026-09-27T18:00:00,31.0,2026-09-27T18:00:00,1.1,2026-09-27T18:00:00,26.0,2026-09-27T18:00:00,,,,,,,,,,,,
2026-09-27T16:15:00+00:00,2.33,2026-09-27T18:15:00,2.36,2026-09-27T18:15:00,47.0,2026-09-27T18:15:00,0.0,0.0,0.0,22.0,,,1.17,2026-09-27T18:15:00,72.0,2026-09-27T18:15:00,,,0.0,0.0,19.9,,,,,,,0.0,,,,,,,,,,,,,,,,,,,0.206,0.21,0.169,0.321,0.145,0.177,0.147,0.276,,46.0,2026-09-27T18:15:00,0.541,2026-09-27T18:15:00,58.0,2026-09-27T18:15:00,0.229,2026-09-27T18:15:00,12.0,2026-09-27T18:15:00,0.256,2026-09-27T18:15:00,31.0,2026-09-27T18:15:00,1.1,2026-09-27T18:15:00,26.0,2026-09-27T18:15:00,,,,,,,,,,,,
2026-09-27T16:30:00+00:00,2.33,2026-09-27T18:30:00,2.36,2026-09-27T18:30:00,47.0,2026-09-27T18:30:00,0.0,0.0,0.0,22.0,,,1.17,2026-09-27T18:30:00,72.0,2026-09-27T18:30:00,,,0.0,0.0,19.9,,,,,,,0.0,,,,,,,,,,,,,,,,,,,0.206,0.21,0.169,0.321,0.145,0.177,0.147,0.276,,46.0,2026-09-27T18:30:00,0.541,2026-09-27T18:30:00,58.0,2026-09-27T18:30:00,0.229,2026-09-27T18:30:00,12.0,2026-09-27T18:30:00,0.256,2026-09-27T18:30:00,31.0,2026-09-27T18:30:00,1.1,2026-09-27T18:30:00,26.0,2026-09-27T18:30:00,,,,,,,,,,,,
2026-09-27T16:45:00+00:00,2.33,2026-09-27T18:45:00,2.36,2026-09-27T18:45:00,47.0,2026-09-27T18:45:00,0.0,0.0,0.0,22.0,,,1.17,2026-09-27T18:45:00,72.0,2026-09-27T18:45:00,,,0.0,0.0,19.9,,,,,,,0.0,,,,,,,,,,,,,,,,,,,0.206,0.21,0.169,0.321,0.145,0.177,0.147,0.276,,46.0,2026-09-27T18:45:00,0.541,2026-09-27T18:45:00,58.0,2026-09-27T18:45:00,0.229,2026-09-27T18:45:00,12.0,2026-09-27T18:45:00,0.193,2026-09-27T18:45:00,30.0,2026-09-27T18:45:00,1.1,2026-09-27T18:45:00,26.0,2026-09-27T18:45:00,,,,,,,,,,,,
2026-09-27T17:00:00+00:00,2.33,2026-09-27T19:00:00,2.36,2026-09-27T19:00:00,47.0,2026-09-27T19:00:00,0.0,0.0,0.0,18.7,,,1.17,2026-09-27T19:00:00,72.0,2026-09-27T19:00:00,,,0.0,0.0,16.6,,,,,,,0.0,,,,,,,,,,,,,,,,,,,0.206,0.21,0.169,0.321,0.145,0.177,0.147,0.276,,46.0,2026-09-27T19:00:00,0.541,2026-09-27T19:00:00,58.0,2026-09-27T19:00:00,0.229,2026-09-27T19:00:00,12.0,2026-09-27T19:00:00,0.193,2026-09-27T19:00:00,30.0,2026-09-27T19:00:00,1.1,2026-09-27T19:00:00,26.0,2026-09-27T19:00:00,,,,,,,,,,,,
2026-09-27T17:15:00+00:00,2.33,2026-09-27T19:15:00,2.36,2026-09-27T19:15:00,47.0,2026-09-27T19:15:00,0.0,0.0,0.0,18.7,,,1.17,2026-09-27T19:15:00,72.0,2026-09-27T19:15:00,,,0.0,0.0,16.6,,,,,,,0.0,,,,,,,,,,,,,,,,,,,0.206,0.21,0.169,0.321,0.145,0.177,0.147,0.276,,46.0,2026-09-27T19:15:00,0.541,2026-09-27T19:15:00,58.0,2026-09-27T19:15:00,0.229,2026-09-27T19:15:00,12.0,2026-09-27T19:15:00,0.193,2026-09-27T19:15:00,30.0,2026-09-27T19:15:00,1.1,2026-09-27T19:15:00,26.0,2026-09-27T19:15:00,,,,,,,,,,,,
2026-09-27T17:30:00+00:00,2.33,2026-09-27T19:30:00,2.5,2026-09-27T19:30:00,48.0,2026-09-27T19:30:00,0.0,0.0,0.0,18.7,,,1.17,2026-09-27T19:30:00,72.0,2026-09-27T19:30:00,,,0.0,0.0,16.6,,,,,,,0.0,,,,,,,,,,,,,,,,,,,0.206,0.21,0.169,0.321,0.145,0.177,0.147,0.276,,46.0,2026-09-27T19:30:00,0.541,2026-09-27T19:30:00,58.0,2026-09-27T19:30:00,0.229,2026-09-27T19:30:00,12.0,2026-09-27T19:30:00,0.193,2026-09-27T19:30:00,30.0,2026-09-27T19:30:00,1.1,2026-09-27T19:30:00,26.0,2026-09-27T19:30:00,,,,,,,,,,,,
2026-09-27T17:45:00+00:00,2.33,2026-09-27T19:45:00,2.5,2026-09-27T19:45:00,48.0,2026-09-27T19:45:00,0.0,0.0,0.0,18.7,,,1.17,2026-09-27T19:45:00,72.0,2026-09-27T19:45:00,,,0.0,0.0,16.6,,,,,,,0.0,,,,,,,,,,,,,,,,,,,0.206,0.21,0.169,0.321,0.145,0.177,0.147,0.276,,46.0,2026-09-27T19:45:00,0.541,2026-09-27T19:45:00,58.0,2026-09-27T19:45:00,0.229,2026-09-27T19:45:00,12.0,2026-09-27T19:45:00,0.193,2026-09-27T19:45:00,30.0,2026-09-27T19:45:00,1.1,2026-09-27T19:45:00,26.0,2026-09-27T19:45:00,,,,,,,,,,,,
2026-09-27T18:00:00+00:00,2.33,2026-09-27T20:00:00,2.5,2026-09-27T20:00:00,48.0,2026-09-27T20:00:00,0.0,0.0,0.0,16.9,,,1.17,2026-09-27T20:00:00,72.0,2026-09-27T20:00:00,,,0.0,0.0,16.0,,,,,,,0.0,,,,,,,,,,,,,,,,,,,0.201,0.208,0.169,0.321,0.141,0.176,0.147,0.276,,46.0,2026-09-27T20:00:00,0.541,2026-09-27T20:00:00,58.0,2026-09-27T20:00:00,0.229,2026-09-27T20:00:00,12.0,2026-09-27T20:00:00,0.193,2026-09-27T20:00:00,30.0,2026-09-27T20:00:00,1.1,2026-09-27T20:00:00,26.0,2026-09-27T20:00:00,,,,,,,,,,,,
2026-09-27T18:20:06.604606+00:00,2.33,2026-09-27T20:15:00,2.5,2026-09-27T20:15:00,48.0,2026-09-27T20:15:00,0.0,0.0,0.0,16.2,,,1.17,2026-09-27T20:15:00,72.0,2026-09-27T20:15:00,874.59,2026-09-27T20:15:00,0.0,0.0,16.0,0.0,0.0,0.82,2026-09-27T20:15:00,54.0,2026-09-27T20:15:00,0.0,0.0,2026-09-27T20:05:00,0.0,2026-09-27T19:55:00,0.0,2026-09-27T20:10:00,0.0,0.0,0.0,0.0,0.0,0.0,0.0,0.0,0.0,0.0,0.0,0.0,0.21,0.213,0.17,0.321,0.159,0.185,0.147,0.276,2026-09-27T18:00,46.0,2026-09-27T20:15:00,0.541,2026-09-27T20:15:00,58.0,2026-09-27T20:15:00,0.229,2026-09-27T00:45:00,12.0,2026-09-27T00:45:00,0.193,2026-09-27T20:15:00,30.0,2026-09-27T20:15:00,1.1,2026-09-27T20:15:00,26.0,2026-09-27T20:15:00,2026-09-27,0.0,0.0,0.0,0.0,11.94,26.59,0.0,0.0,503.1,13.5,2026-09-27T11:00:00
2026-09-27T18:32:40.106090+00:00,2.33,2026-09-27T20:30:00,2.64,2026-09-27T20:30:00,49.0,2026-09-27T20:30:00,0.0,0.0,0.0,15.4,,,1.17,2026-09-27T20:15:00,72.0,2026-09-27T20:15:00,874.59,2026-09-27T20:15:00,0.0,0.0,16.0,0.0,0.0,0.86,2026-09-27T20:30:00,55.0,2026-09-27T20:30:00,0.0,0.0,2026-09-27T20:15:00,0.0,2026-09-27T20:25:00,0.0,2026-09-27T20:20:00,0.0,0.0,0.0,0.0,0.0,0.0,0.0,0.0,0.0,0.0,0.0,0.0,0.21,0.213,0.17,0.321,0.159,0.185,0.147,0.276,2026-09-27T18:00,46.0,2026-09-27T20:30:00,0.541,2026-09-27T20:15:00,58.0,2026-09-27T20:15:00,0.229,2026-09-27T00:45:00,12.0,2026-09-27T00:45:00,0.193,2026-09-27T20:15:00,30.0,2026-09-27T20:15:00,1.1,2026-09-27T20:30:00,26.0,2026-09-27T20:30:00,2026-09-27,0.0,0.0,0.0,0.0,11.94,26.59,0.0,0.0,503.1,13.5,2026-09-27T11:00:00
2026-09-27T18:38:31.250485+00:00,2.33,2026-09-27T20:30:00,2.5,2026-09-27T20:30:00,48.0,2026-09-27T20:30:00,0.0,0.0,0.0,15.4,,,1.17,2026-09-27T20:30:00,72.0,2026-09-27T20:30:00,874.59,2026-09-27T20:30:00,0.0,0.0,16.0,0.0,0.0,0.791,2026-09-27T20:30:00,53.0,2026-09-27T20:30:00,0.0,0.0,2026-09-27T20:25:00,0.0,2026-09-27T20:25:00,0.0,2026-09-27T20:25:00,0.0,0.0,0.0,0.0,0.0,0.0,0.0,0.0,0.0,0.0,0.0,0.0,0.21,0.213,0.17,0.321,0.159,0.185,0.147,0.276,2026-09-27T18:00,46.0,2026-09-27T20:30:00,0.541,2026-09-27T20:30:00,58.0,2026-09-27T20:30:00,0.229,2026-09-27T00:45:00,12.0,2026-09-27T00:45:00,0.193,2026-09-27T20:30:00,30.0,2026-09-27T20:30:00,1.1,2026-09-27T20:30:00,26.0,2026-09-27T20:30:00,2026-09-27,0.0,0.0,0.0,0.0,11.94,26.59,0.0,0.0,503.1,13.5,2026-09-27T11:00:00
2026-09-27T18:45:00+00:00,2.33,2026-09-27T20:45:00,2.5,2026-09-27T20:45:00,48.0,2026-09-27T20:45:00,0.0,0.0,0.0,16.9,,,1.17,2026-09-27T20:45:00,72.0,2026-09-27T20:45:00,,,0.0,0.0,16.0,,,,,,,0.0,,,,,,,,,,,,,,,,,,,0.201,0.208,0.169,0.321,0.141,0.176,0.147,0.276,,46.0,2026-09-27T20:45:00,0.541,2026-09-27T20:45:00,58.0,2026-09-27T20:45:00,0.229,2026-09-27T20:45:00,12.0,2026-09-27T20:45:00,0.193,2026-09-27T20:45:00,30.0,2026-09-27T20:45:00,1.1,2026-09-27T20:45:00,26.0,2026-09-27T20:45:00,,,,,,,,,,,,
2026-09-27T19:00:00+00:00,2.33,2026-09-27T21:00:00,2.5,2026-09-27T21:00:00,48.0,2026-09-27T21:00:00,0.0,0.0,0.0,15.4,,,1.17,2026-09-27T21:00:00,72.0,2026-09-27T21:00:00,,,0.0,0.0,14.6,,,,,,,0.0,,,,,,,,,,,,,,,,,,,0.201,0.208,0.169,0.321,0.141,0.176,0.147,0.276,,46.0,2026-09-27T21:00:00,0.541,2026-09-27T21:00:00,58.0,2026-09-27T21:00:00,0.229,2026-09-27T21:00:00,12.0,2026-09-27T21:00:00,0.193,2026-09-27T21:00:00,30.0,2026-09-27T21:00:00,1.1,2026-09-27T21:00:00,26.0,2026-09-27T21:00:00,,,,,,,,,,,,
2026-09-27T19:23:27.064609+00:00,2.33,2026-09-27T21:15:00,2.5,2026-09-27T21:15:00,48.0,2026-09-27T21:15:00,0.0,0.0,0.0,13.6,,,1.17,2026-09-27T21:15:00,72.0,2026-09-27T21:15:00,874.59,2026-09-27T21:15:00,0.0,0.0,16.0,0.0,0.0,0.86,2026-09-27T21:15:00,55.0,2026-09-27T21:15:00,0.0,0.0,2026-09-27T21:10:00,0.0,2026-09-27T20:55:00,0.0,2026-09-27T21:10:00,0.0,0.0,0.0,0.0,0.0,0.0,0.0,0.0,0.0,0.0,0.0,0.0,0.206,0.21,0.169,0.321,0.145,0.177,0.147,0.276,2026-09-27T19:00,46.0,2026-09-27T21:15:00,0.541,2026-09-27T21:15:00,58.0,2026-09-27T21:15:00,0.229,2026-09-27T00:45:00,12.0,2026-09-27T00:45:00,0.193,2026-09-27T21:15:00,30.0,2026-09-27T21:15:00,1.1,2026-09-27T21:15:00,26.0,2026-09-27T21:15:00,2026-09-27,0.0,0.0,0.0,0.0,11.94,26.59,0.0,0.0,503.1,13.5,2026-09-27T11:00:00
2026-09-27T19:30:00+00:00,2.33,2026-09-27T21:30:00,2.5,2026-09-27T21:30:00,48.0,2026-09-27T21:30:00,0.0,0.0,0.0,15.4,,,1.17,2026-09-27T21:30:00,72.0,2026-09-27T21:30:00,,,0.0,0.0,14.6,,,,,,,0.0,,,,,,,,,,,,,,,,,,,0.201,0.208,0.169,0.321,0.141,0.176,0.147,0.276,,46.0,2026-09-27T21:30:00,0.541,2026-09-27T21:30:00,58.0,2026-09-27T21:30:00,0.229,2026-09-27T21:30:00,12.0,2026-09-27T21:30:00,0.193,2026-09-27T21:30:00,30.0,2026-09-27T21:30:00,1.1,2026-09-27T21:30:00,26.0,2026-09-27T21:30:00,,,,,,,,,,,,
2026-09-27T19:45:00+00:00,2.33,2026-09-27T21:45:00,2.5,2026-09-27T21:45:00,48.0,2026-09-27T21:45:00,0.0,0.0,0.0,15.4,,,1.17,2026-09-27T21:45:00,72.0,2026-09-27T21:45:00,,,0.0,0.0,14.6,,,,,,,0.0,,,,,,,,,,,,,,,,,,,0.201,0.208,0.169,0.321,0.141,0.176,0.147,0.276,,46.0,2026-09-27T21:45:00,0.541,2026-09-27T21:45:00,58.0,2026-09-27T21:45:00,0.229,2026-09-27T21:45:00,12.0,2026-09-27T21:45:00,0.193,2026-09-27T21:45:00,30.0,2026-09-27T21:45:00,1.1,2026-09-27T21:45:00,26.0,2026-09-27T21:45:00,,,,,,,,,,,,
2026-09-27T20:00:00+00:00,2.33,2026-09-27T22:00:00,2.5,2026-09-27T22:00:00,48.0,2026-09-27T22:00:00,0.0,0.0,0.0,14.0,,,1.17,2026-09-27T22:00:00,72.0,2026-09-27T22:00:00,,,0.0,0.0,13.1,,,,,,,0.0,,,,,,,,,,,,,,,,,,,0.201,0.208,0.169,0.321,0.141,0.176,0.147,0.276,,46.0,2026-09-27T22:00:00,0.541,2026-09-27T22:00:00,58.0,2026-09-27T22:00:00,0.229,2026-09-27T22:00:00,12.0,2026-09-27T22:00:00,0.193,2026-09-27T22:00:00,30.0,2026-09-27T22:00:00,1.1,2026-09-27T22:00:00,26.0,2026-09-27T22:00:00,,,,,,,,,,,,
2026-09-27T20:15:00+00:00,2.33,2026-09-27T22:15:00,2.5,2026-09-27T22:15:00,48.0,2026-09-27T22:15:00,0.0,0.0,0.0,14.0,,,1.17,2026-09-27T22:15:00,72.0,2026-09-27T22:15:00,,,0.0,0.0,13.1,,,,,,,0.0,,,,,,,,,,,,,,,,,,,0.201,0.208,0.169,0.321,0.141,0.176,0.147,0.276,,46.0,2026-09-27T22:15:00,0.541,2026-09-27T22:15:00,58.0,2026-09-27T22:15:00,0.229,2026-09-27T22:15:00,12.0,2026-09-27T22:15:00,0.193,2026-09-27T22:15:00,30.0,2026-09-27T22:15:00,1.1,2026-09-27T22:15:00,26.0,2026-09-27T22:15:00,,,,,,,,,,,,
2026-09-27T20:30:00+00:00,2.33,2026-09-27T22:30:00,2.5,2026-09-27T22:30:00,48.0,2026-09-27T22:30:00,0.0,0.0,0.0,14.0,,,1.17,2026-09-27T22:30:00,72.0,2026-09-27T22:30:00,,,0.0,0.0,13.1,,,,,,,0.0,,,,,,,,,,,,,,,,,,,0.201,0.208,0.169,0.321,0.141,0.176,0.147,0.276,,46.0,2026-09-27T22:30:00,0.541,2026-09-27T22:30:00,58.0,2026-09-27T22:30:00,0.229,2026-09-27T22:30:00,12.0,2026-09-27T22:30:00,0.193,2026-09-27T22:30:00,30.0,2026-09-27T22:30:00,1.1,2026-09-27T22:30:00,26.0,2026-09-27T22:30:00,,,,,,,,,,,,
2026-09-27T20:45:00+00:00,2.33,2026-09-27T22:45:00,2.5,2026-09-27T22:45:00,48.0,2026-09-27T22:45:00,0.0,0.0,0.0,14.0,,,1.17,2026-09-27T22:45:00,72.0,2026-09-27T22:45:00,,,0.0,0.0,13.1,,,,,,,0.0,,,,,,,,,,,,,,,,,,,0.201,0.208,0.169,0.321,0.141,0.176,0.147,0.276,,46.0,2026-09-27T22:45:00,0.541,2026-09-27T22:45:00,58.0,2026-09-27T22:45:00,0.229,2026-09-27T22:45:00,12.0,2026-09-27T22:45:00,0.193,2026-09-27T22:45:00,30.0,2026-09-27T22:45:00,1.1,2026-09-27T22:45:00,26.0,2026-09-27T22:45:00,,,,,,,,,,,,
2026-09-27T21:00:00+00:00,2.33,2026-09-27T23:00:00,2.5,2026-09-27T23:00:00,48.0,2026-09-27T23:00:00,0.0,0.0,0.0,12.6,,,1.17,2026-09-27T23:00:00,72.0,2026-09-27T23:00:00,,,0.0,0.0,11.8,,,,,,,0.0,,,,,,,,,,,,,,,,,,,0.201,0.208,0.169,0.321,0.141,0.176,0.147,0.276,,46.0,2026-09-27T23:00:00,0.541,2026-09-27T23:00:00,58.0,2026-09-27T23:00:00,0.229,2026-09-27T23:00:00,12.0,2026-09-27T23:00:00,0.193,2026-09-27T23:00:00,30.0,2026-09-27T23:00:00,1.1,2026-09-27T23:00:00,26.0,2026-09-27T23:00:00,,,,,,,,,,,,
2026-09-27T21:15:00+00:00,2.33,2026-09-27T23:15:00,2.5,2026-09-27T23:15:00,48.0,2026-09-27T23:15:00,0.0,0.0,0.0,12.6,,,1.17,2026-09-27T23:15:00,72.0,2026-09-27T23:15:00,,,0.0,0.0,11.8,,,,,,,0.0,,,,,,,,,,,,,,,,,,,0.201,0.208,0.169,0.321,0.141,0.176,0.147,0.276,,46.0,2026-09-27T23:15:00,0.541,2026-09-27T23:15:00,58.0,2026-09-27T23:15:00,0.229,2026-09-27T23:15:00,12.0,2026-09-27T23:15:00,0.193,2026-09-27T23:15:00,30.0,2026-09-27T23:15:00,1.1,2026-09-27T23:15:00,26.0,2026-09-27T23:15:00,,,,,,,,,,,,
2026-09-27T21:35:27.195535+00:00,2.33,2026-09-27T23:30:00,2.5,2026-09-27T23:30:00,48.0,2026-09-27T23:30:00,0.0,0.0,0.0,11.3,,,1.17,2026-09-27T23:30:00,72.0,2026-09-27T23:30:00,874.58,2026-09-27T23:30:00,0.0,0.0,15.1,0.0,0.0,0.82,2026-09-27T23:30:00,54.0,2026-09-27T23:30:00,0.0,0.0,2026-09-27T23:20:00,0.0,2026-09-27T23:25:00,0.0,2026-09-27T23:25:00,0.0,0.0,0.0,0.0,0.0,0.0,0.0,0.0,0.0,0.0,0.0,0.0,0.206,0.21,0.169,0.321,0.145,0.177,0.147,0.276,2026-09-27T21:00,46.0,2026-09-27T23:30:00,0.541,2026-09-27T23:30:00,58.0,2026-09-27T23:30:00,0.229,2026-09-27T23:30:00,12.0,2026-09-27T23:30:00,0.193,2026-09-27T23:30:00,30.0,2026-09-27T23:30:00,1.1,2026-09-27T23:30:00,26.0,2026-09-27T23:30:00,2026-09-27,0.0,0.0,0.0,0.0,11.94,26.59,0.0,0.0,503.1,13.5,2026-09-27T11:00:00
2026-09-27T21:45:00+00:00,2.33,2026-09-27T23:45:00,2.5,2026-09-27T23:45:00,48.0,2026-09-27T23:45:00,0.0,0.0,0.0,12.6,,,1.17,2026-09-27T23:45:00,72.0,2026-09-27T23:45:00,,,0.0,0.0,11.8,,,,,,,0.0,,,,,,,,,,,,,,,,,,,0.201,0.208,0.169,0.321,0.141,0.176,0.147,0.276,,46.0,2026-09-27T23:45:00,0.541,2026-09-27T23:45:00,58.0,2026-09-27T23:45:00,0.229,2026-09-27T23:45:00,12.0,2026-09-27T23:45:00,0.193,2026-09-27T23:45:00,30.0,2026-09-27T23:45:00,1.1,2026-09-27T23:45:00,26.0,2026-09-27T23:45:00,,,,,,,,,,,,
2026-09-27T22:06:11.375044+00:00,2.33,2026-09-28T00:00:00,2.5,2026-09-28T00:00:00,48.0,2026-09-28T00:00:00,0.0,0.0,0.0,11.2,,,1.17,2026-09-28T00:00:00,72.0,2026-09-28T00:00:00,874.58,2026-09-28T00:00:00,0.0,0.0,15.2,0.0,0.0,0.791,2026-09-28T00:00:00,53.0,2026-09-28T00:00:00,0.0,0.0,2026-09-27T23:50:00,0.0,2026-09-27T23:55:00,0.0,2026-09-27T23:55:00,0.0,0.0,0.0,0.0,0.0,0.0,0.0,0.0,0.0,0.0,0.0,0.0,0.206,0.21,0.169,0.321,0.145,0.177,0.147,0.276,2026-09-28T00:00,46.0,2026-09-28T00:00:00,0.541,2026-09-28T00:00:00,58.0,2026-09-28T00:00:00,0.229,2026-09-28T00:00:00,12.0,2026-09-28T00:00:00,0.193,2026-09-28T00:00:00,30.0,2026-09-28T00:00:00,1.1,2026-09-28T00:00:00,26.0,2026-09-28T00:00:00,2026-09-28,0.0,0.0,0.0,2.83,5.86,0.0,0.0,8.02,503.1,13.5,2026-09-27T11:00:00
2026-09-27T22:24:11.629965+00:00,2.33,2026-09-28T00:15:00,2.5,2026-09-28T00:15:00,48.0,2026-09-28T00:15:00,0.0,0.0,0.0,11.1,,,1.17,2026-09-28T00:15:00,72.0,2026-09-28T00:15:00,874.58,2026-09-28T00:15:00,0.0,0.0,15.4,0.0,0.0,0.82,2026-09-28T00:15:00,54.0,2026-09-28T00:15:00,0.0,0.0,2026-09-28T00:10:00,0.0,2026-09-27T23:55:00,0.0,2026-09-28T00:15:00,0.0,0.0,0.0,0.0,0.0,0.0,0.0,0.0,0.0,0.0,0.0,0.0,0.206,0.21,0.169,0.321,0.145,0.177,0.147,0.276,2026-09-28T00:00,46.0,2026-09-28T00:15:00,0.541,2026-09-28T00:15:00,58.0,2026-09-28T00:15:00,0.229,2026-09-28T00:15:00,12.0,2026-09-28T00:15:00,0.193,2026-09-28T00:15:00,30.0,2026-09-28T00:15:00,1.1,2026-09-28T00:15:00,26.0,2026-09-28T00:15:00,2026-09-28,0.0,0.0,0.0,2.83,5.86,0.0,0.0,8.02,503.1,13.5,2026-09-27T11:00:00
2026-09-27T22:39:15.451481+00:00,2.33,2026-09-28T00:30:00,2.64,2026-09-28T00:30:00,49.0,2026-09-28T00:30:00,0.0,0.0,0.0,11.1,,,1.17,2026-09-28T00:30:00,72.0,2026-09-28T00:30:00,874.58,2026-09-28T00:30:00,0.0,0.0,14.9,0.0,0.0,0.86,2026-09-28T00:30:00,55.0,2026-09-28T00:30:00,0.0,0.0,2026-09-28T00:25:00,0.0,2026-09-28T00:25:00,0.0,2026-09-28T00:30:00,0.0,0.0,0.0,0.0,0.0,0.0,0.0,0.0,0.0,0.0,0.0,0.0,0.206,0.21,0.169,0.321,0.145,0.177,0.147,0.276,2026-09-28T00:00,46.0,2026-09-28T00:30:00,0.541,2026-09-28T00:30:00,58.0,2026-09-28T00:30:00,0.229,2026-09-28T00:15:00,12.0,2026-09-28T00:15:00,0.193,2026-09-28T00:30:00,30.0,2026-09-28T00:30:00,1.1,2026-09-28T00:30:00,26.0,2026-09-28T00:30:00,2026-09-28,0.0,0.0,0.0,2.83,5.86,0.0,0.0,8.02,503.1,13.5,2026-09-27T11:00:00
2026-09-27T22:45:00+00:00,2.33,2026-09-28T00:45:00,2.5,2026-09-28T00:45:00,48.0,2026-09-28T00:45:00,0.0,0.0,0.0,11.2,,,1.17,2026-09-28T00:45:00,72.0,2026-09-28T00:45:00,,,0.0,0.0,11.8,,,,,,,0.0,,,,,,,,,,,,,,,,,,,0.201,0.208,0.169,0.321,0.141,0.176,0.147,0.276,,46.0,2026-09-28T00:45:00,0.541,2026-09-28T00:45:00,58.0,2026-09-28T00:45:00,0.191,2026-09-28T00:45:00,10.0,2026-09-28T00:45:00,0.193,2026-09-28T00:45:00,30.0,2026-09-28T00:45:00,1.1,2026-09-28T00:45:00,26.0,2026-09-28T00:45:00,,,,,,,,,,,,
2026-09-27T23:00:00+00:00,2.33,2026-09-28T01:00:00,2.5,2026-09-28T01:00:00,48.0,2026-09-28T01:00:00,0.0,0.0,0.0,11.2,,,1.17,2026-09-28T01:00:00,72.0,2026-09-28T01:00:00,,,0.0,0.0,12.3,,,,,,,0.0,,,,,,,,,,,,,,,,,,,0.201,0.208,0.169,0.321,0.141,0.176,0.147,0.276,,46.0,2026-09-28T01:00:00,0.541,2026-09-28T01:00:00,58.0,2026-09-28T01:00:00,0.191,2026-09-28T01:00:00,10.0,2026-09-28T01:00:00,0.193,2026-09-28T01:00:00,30.0,2026-09-28T01:00:00,1.1,2026-09-28T01:00:00,26.0,2026-09-28T01:00:00,,,,,,,,,,,,
2026-09-27T23:15:00+00:00,2.33,2026-09-28T01:15:00,2.5,2026-09-28T01:15:00,48.0,2026-09-28T01:15:00,0.0,0.0,0.0,11.2,,,1.17,2026-09-28T01:15:00,72.0,2026-09-28T01:15:00,,,0.0,0.0,12.3,,,,,,,0.0,,,,,,,,,,,,,,,,,,,0.201,0.208,0.169,0.321,0.141,0.176,0.147,0.276,,46.0,2026-09-28T01:15:00,0.541,2026-09-28T01:15:00,58.0,2026-09-28T01:15:00,0.191,2026-09-28T01:15:00,10.0,2026-09-28T01:15:00,0.193,2026-09-28T01:15:00,30.0,2026-09-28T01:15:00,1.1,2026-09-28T01:15:00,26.0,2026-09-28T01:15:00,,,,,,,,,,,,
2026-09-27T23:30:00+00:00,2.33,2026-09-28T01:30:00,2.5,2026-09-28T01:30:00,48.0,2026-09-28T01:30:00,0.0,0.0,0.0,11.2,,,1.17,2026-09-28T01:30:00,72.0,2026-09-28T01:30:00,,,0.0,0.0,12.3,,,,,,,0.0,,,,,,,,,,,,,,,,,,,0.201,0.208,0.169,0.321,0.141,0.176,0.147,0.276,,46.0,2026-09-28T01:30:00,0.541,2026-09-28T01:30:00,58.0,2026-09-28T01:30:00,0.191,2026-09-28T01:30:00,10.0,2026-09-28T01:30:00,0.193,2026-09-28T01:30:00,30.0,2026-09-28T01:30:00,1.1,2026-09-28T01:30:00,26.0,2026-09-28T01:30:00,,,,,,,,,,,,
2026-09-27T23:56:49.864326+00:00,2.33,2026-09-28T01:45:00,2.5,2026-09-28T01:45:00,48.0,2026-09-28T01:45:00,0.0,0.0,0.0,11.0,,,1.17,2026-09-28T01:45:00,72.0,2026-09-28T01:45:00,874.58,2026-09-28T01:45:00,0.0,0.0,15.5,0.0,0.0,0.82,2026-09-28T01:45:00,54.0,2026-09-28T01:45:00,0.0,0.0,2026-09-28T01:40:00,0.0,2026-09-28T01:25:00,0.0,2026-09-28T01:45:00,0.0,0.0,0.0,0.0,0.0,0.0,0.0,0.0,0.0,0.0,0.0,0.0,0.206,0.21,0.169,0.321,0.145,0.177,0.147,0.276,2026-09-28T00:00,46.0,2026-09-28T01:45:00,0.541,2026-09-28T01:45:00,58.0,2026-09-28T01:45:00,0.229,2026-09-28T00:15:00,12.0,2026-09-28T00:15:00,0.193,2026-09-28T01:45:00,30.0,2026-09-28T01:45:00,1.1,2026-09-28T01:45:00,26.0,2026-09-28T01:45:00,2026-09-28,0.0,0.0,0.0,2.83,5.86,0.0,0.0,8.02,503.1,13.5,2026-09-27T11:00:00
2026-09-28T00:00:00+00:00,2.33,2026-09-28T02:00:00,2.5,2026-09-28T02:00:00,48.0,2026-09-28T02:00:00,0.0,0.0,0.0,10.1,,,1.17,2026-09-28T02:00:00,72.0,2026-09-28T02:00:00,,,0.0,0.0,10.7,,,,,,,0.0,,,,,,,,,,,,,,,,,,,0.189,0.2,0.165,0.321,0.158,0.181,0.147,0.276,,46.0,2026-09-28T02:00:00,0.541,2026-09-28T02:00:00,58.0,2026-09-28T02:00:00,0.191,2026-09-28T02:00:00,10.0,2026-09-28T02:00:00,0.193,2026-09-28T02:00:00,30.0,2026-09-28T02:00:00,1.1,2026-09-28T02:00:00,26.0,2026-09-28T02:00:00,,,,,,,,,,,,
2026-09-28T00:15:00+00:00,2.33,2026-09-28T02:15:00,2.5,2026-09-28T02:15:00,48.0,2026-09-28T02:15:00,0.0,0.0,0.0,10.1,,,1.06,2026-09-28T02:15:00,71.0,2026-09-28T02:15:00,,,0.0,0.0,10.7,,,,,,,0.0,,,,,,,,,,,,,,,,,,,0.189,0.2,0.165,0.321,0.158,0.181,0.147,0.276,,46.0,2026-09-28T02:15:00,0.541,2026-09-28T02:15:00,58.0,2026-09-28T02:15:00,0.191,2026-09-28T02:15:00,10.0,2026-09-28T02:15:00,0.193,2026-09-28T02:15:00,30.0,2026-09-28T02:15:00,1.1,2026-09-28T02:15:00,26.0,2026-09-28T02:15:00,,,,,,,,,,,,
2026-09-28T00:41:23.040784+00:00,2.33,2026-09-28T02:30:00,2.5,2026-09-28T02:30:00,48.0,2026-09-28T02:30:00,0.0,0.0,0.0,10.8,,,1.17,2026-09-28T02:30:00,72.0,2026-09-28T02:30:00,874.58,2026-09-28T02:30:00,0.0,0.0,15.5,0.0,0.0,0.82,2026-09-28T02:30:00,54.0,2026-09-28T02:30:00,0.0,0.0,2026-09-28T02:25:00,0.0,2026-09-28T02:25:00,0.0,2026-09-28T02:30:00,0.0,0.0,0.0,0.0,0.0,0.0,0.0,0.0,0.0,0.0,0.0,0.0,0.201,0.208,0.169,0.321,0.141,0.176,0.147,0.276,2026-09-28T00:00,46.0,2026-09-28T02:30:00,0.541,2026-09-28T02:30:00,58.0,2026-09-28T02:30:00,0.229,2026-09-28T00:15:00,12.0,2026-09-28T00:15:00,0.193,2026-09-28T02:30:00,30.0,2026-09-28T02:30:00,1.1,2026-09-28T02:30:00,26.0,2026-09-28T02:30:00,2026-09-28,0.0,0.0,0.0,2.83,5.86,0.0,0.0,8.02,503.1,13.5,2026-09-27T11:00:00
2026-09-28T00:58:24.130974+00:00,2.33,2026-09-28T02:45:00,2.5,2026-09-28T02:45:00,48.0,2026-09-28T02:45:00,0.0,0.0,0.0,10.7,,,1.17,2026-09-28T02:45:00,72.0,2026-09-28T02:45:00,874.58,2026-09-28T02:45:00,0.0,0.0,15.5,0.0,0.0,0.86,2026-09-28T02:45:00,55.0,2026-09-28T02:45:00,0.0,0.0,2026-09-28T02:40:00,0.0,2026-09-28T02:25:00,0.0,2026-09-28T02:45:00,0.0,0.0,0.0,0.0,0.0,0.0,0.0,0.0,0.0,0.0,0.0,0.0,0.201,0.208,0.169,0.321,0.141,0.176,0.147,0.276,2026-09-28T00:00,46.0,2026-09-28T02:45:00,0.541,2026-09-28T02:45:00,58.0,2026-09-28T02:45:00,0.229,2026-09-28T00:15:00,12.0,2026-09-28T00:15:00,0.193,2026-09-28T02:45:00,30.0,2026-09-28T02:45:00,1.1,2026-09-28T02:45:00,26.0,2026-09-28T02:45:00,2026-09-28,0.0,0.0,0.0,2.83,5.86,0.0,0.0,8.02,503.1,13.5,2026-09-27T11:00:00
2026-09-28T01:15:00+00:00,2.33,2026-09-28T03:15:00,2.5,2026-09-28T03:15:00,48.0,2026-09-28T03:15:00,0.0,0.0,0.0,10.3,,,1.17,2026-09-28T03:15:00,72.0,2026-09-28T03:15:00,,,0.0,0.0,12.6,,,,,,,0.0,,,,,,,,,,,,,,,,,,,0.189,0.2,0.165,0.321,0.158,0.181,0.147,0.276,,46.0,2026-09-28T03:15:00,0.541,2026-09-28T03:15:00,58.0,2026-09-28T03:15:00,0.191,2026-09-28T03:15:00,10.0,2026-09-28T03:15:00,0.15,2026-09-28T03:15:00,29.0,2026-09-28T03:15:00,1.1,2026-09-28T03:15:00,26.0,2026-09-28T03:15:00,,,,,,,,,,,,
2026-09-28T01:16:13.642810+00:00,2.33,2026-09-28T03:00:00,2.5,2026-09-28T03:00:00,48.0,2026-09-28T03:00:00,0.0,0.0,0.0,10.5,,,1.17,2026-09-28T03:00:00,72.0,2026-09-28T03:00:00,874.58,2026-09-28T03:00:00,0.0,0.0,15.5,0.0,0.0,0.82,2026-09-28T03:00:00,54.0,2026-09-28T03:00:00,0.0,0.0,2026-09-28T03:00:00,0.0,2026-09-28T02:55:00,0.0,2026-09-28T03:05:00,0.0,0.0,0.0,0.0,0.0,0.0,0.0,0.0,0.0,0.0,0.0,0.0,0.201,0.208,0.169,0.321,0.141,0.176,0.147,0.276,2026-09-28T01:00,46.0,2026-09-28T03:00:00,0.541,2026-09-28T03:00:00,58.0,2026-09-28T03:00:00,0.229,2026-09-28T00:15:00,12.0,2026-09-28T00:15:00,0.15,2026-09-28T03:00:00,29.0,2026-09-28T03:00:00,1.1,2026-09-28T03:00:00,26.0,2026-09-28T03:00:00,2026-09-28,0.0,0.0,0.0,2.83,5.86,0.0,0.0,8.02,503.1,13.5,2026-09-27T11:00:00
2026-09-28T01:30:00+00:00,2.33,2026-09-28T03:30:00,2.5,2026-09-28T03:30:00,48.0,2026-09-28T03:30:00,0.0,0.0,0.0,10.3,,,1.17,2026-09-28T03:30:00,72.0,2026-09-28T03:30:00,,,0.0,0.0,12.6,,,,,,,0.0,,,,,,,,,,,,,,,,,,,0.189,0.2,0.165,0.321,0.158,0.181,0.147,0.276,,46.0,2026-09-28T03:30:00,0.587,2026-09-28T03:30:00,59.0,2026-09-28T03:30:00,0.191,2026-09-28T03:30:00,10.0,2026-09-28T03:30:00,0.15,2026-09-28T03:30:00,29.0,2026-09-28T03:30:00,1.1,2026-09-28T03:30:00,26.0,2026-09-28T03:30:00,,,,,,,,,,,,
2026-09-28T01:45:00+00:00,2.33,2026-09-28T03:45:00,2.5,2026-09-28T03:45:00,48.0,2026-09-28T03:45:00,0.0,0.0,0.0,10.3,,,1.06,2026-09-28T03:45:00,71.0,2026-09-28T03:45:00,,,0.0,0.0,12.6,,,,,,,0.0,,,,,,,,,,,,,,,,,,,0.189,0.2,0.165,0.321,0.158,0.181,0.147,0.276,,46.0,2026-09-28T03:45:00,0.587,2026-09-28T03:45:00,59.0,2026-09-28T03:45:00,0.191,2026-09-28T03:45:00,10.0,2026-09-28T03:45:00,0.15,2026-09-28T03:45:00,29.0,2026-09-28T03:45:00,1.1,2026-09-28T03:45:00,26.0,2026-09-28T03:45:00,,,,,,,,,,,,
2026-09-28T02:00:00+00:00,2.33,2026-09-28T04:00:00,2.5,2026-09-28T04:00:00,48.0,2026-09-28T04:00:00,0.0,0.0,0.0,10.7,,,1.06,2026-09-28T04:00:00,71.0,2026-09-28T04:00:00,,,0.0,0.0,15.3,,,,,,,0.0,,,,,,,,,,,,,,,,,,,0.189,0.2,0.165,0.321,0.158,0.181,0.147,0.276,,46.0,2026-09-28T04:00:00,0.587,2026-09-28T04:00:00,59.0,2026-09-28T04:00:00,0.191,2026-09-28T04:00:00,10.0,2026-09-28T04:00:00,0.15,2026-09-28T04:00:00,29.0,2026-09-28T04:00:00,1.1,2026-09-28T04:00:00,26.0,2026-09-28T04:00:00,,,,,,,,,,,,
2026-09-28T02:15:00+00:00,2.33,2026-09-28T04:15:00,2.5,2026-09-28T04:15:00,48.0,2026-09-28T04:15:00,0.0,0.0,0.0,10.7,,,1.06,2026-09-28T04:15:00,71.0,2026-09-28T04:15:00,,,0.0,0.0,15.3,,,,,,,0.0,,,,,,,,,,,,,,,,,,,0.189,0.2,0.165,0.321,0.158,0.181,0.147,0.276,,46.0,2026-09-28T04:15:00,0.587,2026-09-28T04:15:00,59.0,2026-09-28T04:15:00,0.191,2026-09-28T04:15:00,10.0,2026-09-28T04:15:00,0.15,2026-09-28T04:15:00,29.0,2026-09-28T04:15:00,1.1,2026-09-28T04:15:00,26.0,2026-09-28T04:15:00,,,,,,,,,,,,
2026-09-28T02:30:00+00:00,2.33,2026-09-28T04:30:00,2.5,2026-09-28T04:30:00,48.0,2026-09-28T04:30:00,0.0,0.0,0.0,10.7,,,1.06,2026-09-28T04:30:00,71.0,2026-09-28T04:30:00,,,0.0,0.0,15.3,,,,,,,0.0,,,,,,,,,,,,,,,,,,,0.189,0.2,0.165,0.321,0.158,0.181,0.147,0.276,,46.0,2026-09-28T04:30:00,0.587,2026-09-28T04:30:00,59.0,2026-09-28T04:30:00,0.191,2026-09-28T04:30:00,10.0,2026-09-28T04:30:00,0.15,2026-09-28T04:30:00,29.0,2026-09-28T04:30:00,1.1,2026-09-28T04:30:00,26.0,2026-09-28T04:30:00,,,,,,,,,,,,
2026-09-28T02:45:00+00:00,2.33,2026-09-28T04:45:00,2.5,2026-09-28T04:45:00,48.0,2026-09-28T04:45:00,0.0,0.0,0.0,10.7,,,1.06,2026-09-28T04:45:00,71.0,2026-09-28T04:45:00,,,0.0,0.0,15.3,,,,,,,0.0,,,,,,,,,,,,,,,,,,,0.189,0.2,0.165,0.321,0.158,0.181,0.147,0.276,,46.0,2026-09-28T04:45:00,0.587,2026-09-28T04:45:00,59.0,2026-09-28T04:45:00,0.191,2026-09-28T04:45:00,10.0,2026-09-28T04:45:00,0.15,2026-09-28T04:45:00,29.0,2026-09-28T04:45:00,1.1,2026-09-28T04:45:00,26.0,2026-09-28T04:45:00,,,,,,,,,,,,
2026-09-28T03:00:00+00:00,2.49,2026-09-28T05:00:00,2.5,2026-09-28T05:00:00,48.0,2026-09-28T05:00:00,0.0,0.0,0.0,11.5,,,1.06,2026-09-28T05:00:00,71.0,2026-09-28T05:00:00,,,0.0,0.0,15.9,,,,,,,0.0,,,,,,,,,,,,,,,,,,,0.189,0.2,0.165,0.321,0.158,0.181,0.147,0.276,,47.0,2026-09-28T05:00:00,0.587,2026-09-28T05:00:00,59.0,2026-09-28T05:00:00,0.191,2026-09-28T05:00:00,10.0,2026-09-28T05:00:00,0.15,2026-09-28T05:00:00,29.0,2026-09-28T05:00:00,1.1,2026-09-28T05:00:00,26.0,2026-09-28T05:00:00,,,,,,,,,,,,
2026-09-28T03:15:00+00:00,2.49,2026-09-28T05:15:00,2.5,2026-09-28T05:15:00,48.0,2026-09-28T05:15:00,0.0,0.0,0.0,11.5,,,1.06,2026-09-28T05:15:00,71.0,2026-09-28T05:15:00,,,0.0,0.0,15.9,,,,,,,0.0,,,,,,,,,,,,,,,,,,,0.189,0.2,0.165,0.321,0.158,0.181,0.147,0.276,,47.0,2026-09-28T05:15:00,0.587,2026-09-28T05:15:00,59.0,2026-09-28T05:15:00,0.191,2026-09-28T05:15:00,10.0,2026-09-28T05:15:00,0.15,2026-09-28T05:15:00,29.0,2026-09-28T05:15:00,1.1,2026-09-28T05:15:00,26.0,2026-09-28T05:15:00,,,,,,,,,,,,
2026-09-28T03:30:00+00:00,2.49,2026-09-28T05:30:00,2.5,2026-09-28T05:30:00,48.0,2026-09-28T05:30:00,0.0,0.0,0.0,11.5,,,1.06,2026-09-28T05:30:00,71.0,2026-09-28T05:30:00,,,0.0,0.0,15.9,,,,,,,0.0,,,,,,,,,,,,,,,,,,,0.189,0.2,0.165,0.321,0.158,0.181,0.147,0.276,,47.0,2026-09-28T05:30:00,0.587,2026-09-28T05:30:00,59.0,2026-09-28T05:30:00,0.191,2026-09-28T05:30:00,10.0,2026-09-28T05:30:00,0.15,2026-09-28T05:30:00,29.0,2026-09-28T05:30:00,1.1,2026-09-28T05:30:00,26.0,2026-09-28T05:30:00,,,,,,,,,,,,
2026-09-28T03:45:00+00:00,2.49,2026-09-28T05:45:00,2.5,2026-09-28T05:45:00,48.0,2026-09-28T05:45:00,0.0,0.0,0.0,11.5,,,1.06,2026-09-28T05:45:00,71.0,2026-09-28T05:45:00,,,0.0,0.0,15.9,,,,,,,0.0,,,,,,,,,,,,,,,,,,,0.189,0.2,0.165,0.321,0.158,0.181,0.147,0.276,,47.0,2026-09-28T05:45:00,0.587,2026-09-28T05:45:00,59.0,2026-09-28T05:45:00,0.191,2026-09-28T05:45:00,10.0,2026-09-28T05:45:00,0.15,2026-09-28T05:45:00,29.0,2026-09-28T05:45:00,1.1,2026-09-28T05:45:00,26.0,2026-09-28T05:45:00,,,,,,,,,,,,
2026-09-28T04:00:00+00:00,2.65,2026-09-28T06:00:00,2.5,2026-09-28T06:00:00,48.0,2026-09-28T06:00:00,0.0,0.0,0.0,12.3,,,1.06,2026-09-28T06:00:00,71.0,2026-09-28T06:00:00,,,0.0,0.0,15.5,,,,,,,0.0,,,,,,,,,,,,,,,,,,,0.189,0.2,0.166,0.321,0.158,0.181,0.147,0.276,,48.0,2026-09-28T06:00:00,0.587,2026-09-28T06:00:00,59.0,2026-09-28T06:00:00,0.191,2026-09-28T06:00:00,10.0,2026-09-28T06:00:00,0.15,2026-09-28T06:00:00,29.0,2026-09-28T06:00:00,1.1,2026-09-28T06:00:00,26.0,2026-09-28T06:00:00,,,,,,,,,,,,
2026-09-28T04:15:00+00:00,2.65,2026-09-28T06:15:00,2.5,2026-09-28T06:15:00,48.0,2026-09-28T06:15:00,0.0,0.0,0.0,12.3,,,1.06,2026-09-28T06:15:00,71.0,2026-09-28T06:15:00,,,0.0,0.0,15.5,,,,,,,0.0,,,,,,,,,,,,,,,,,,,0.189,0.2,0.166,0.321,0.158,0.181,0.147,0.276,,48.0,2026-09-28T06:15:00,0.587,2026-09-28T06:15:00,59.0,2026-09-28T06:15:00,0.191,2026-09-28T06:15:00,10.0,2026-09-28T06:15:00,0.15,2026-09-28T06:15:00,29.0,2026-09-28T06:15:00,1.1,2026-09-28T06:15:00,26.0,2026-09-28T06:15:00,,,,,,,,,,,,
2026-09-28T04:30:00+00:00,2.65,2026-09-28T06:30:00,2.5,2026-09-28T06:30:00,48.0,2026-09-28T06:30:00,0.0,0.0,0.0,12.3,,,1.06,2026-09-28T06:30:00,71.0,2026-09-28T06:30:00,,,0.0,0.0,15.5,,,,,,,0.0,,,,,,,,,,,,,,,,,,,0.189,0.2,0.166,0.321,0.158,0.181,0.147,0.276,,48.0,2026-09-28T06:30:00,0.587,2026-09-28T06:30:00,59.0,2026-09-28T06:30:00,0.191,2026-09-28T06:30:00,10.0,2026-09-28T06:30:00,0.15,2026-09-28T06:30:00,29.0,2026-09-28T06:30:00,1.1,2026-09-28T06:30:00,26.0,2026-09-28T06:30:00,,,,,,,,,,,,
2026-09-28T04:45:00+00:00,2.49,2026-09-28T06:45:00,2.5,2026-09-28T06:45:00,48.0,2026-09-28T06:45:00,0.0,0.0,0.0,12.3,,,1.06,2026-09-28T06:45:00,71.0,2026-09-28T06:45:00,,,0.0,0.0,15.5,,,,,,,0.0,,,,,,,,,,,,,,,,,,,0.189,0.2,0.166,0.321,0.158,0.181,0.147,0.276,,47.0,2026-09-28T06:45:00,0.587,2026-09-28T06:45:00,59.0,2026-09-28T06:45:00,0.191,2026-09-28T06:45:00,10.0,2026-09-28T06:45:00,0.15,2026-09-28T06:45:00,29.0,2026-09-28T06:45:00,1.1,2026-09-28T06:45:00,26.0,2026-09-28T06:45:00,,,,,,,,,,,,
2026-09-28T05:00:00+00:00,2.49,2026-09-28T07:00:00,2.5,2026-09-28T07:00:00,48.0,2026-09-28T07:00:00,0.0,0.0,0.0,12.6,,,1.06,2026-09-28T07:00:00,71.0,2026-09-28T07:00:00,,,0.0,0.0,15.2,,,,,,,0.0,,,,,,,,,,,,,,,,,,,0.189,0.2,0.166,0.321,0.158,0.181,0.147,0.276,,47.0,2026-09-28T07:00:00,0.587,2026-09-28T07:00:00,59.0,2026-09-28T07:00:00,0.191,2026-09-28T07:00:00,10.0,2026-09-28T07:00:00,0.15,2026-09-28T07:00:00,29.0,2026-09-28T07:00:00,1.1,2026-09-28T07:00:00,26.0,2026-09-28T07:00:00,,,,,,,,,,,,
2026-09-28T05:15:00+00:00,2.49,2026-09-28T07:15:00,2.5,2026-09-28T07:15:00,48.0,2026-09-28T07:15:00,0.0,0.0,0.0,12.6,,,1.06,2026-09-28T07:15:00,71.0,2026-09-28T07:15:00,,,0.0,0.0,15.2,,,,,,,0.0,,,,,,,,,,,,,,,,,,,0.189,0.2,0.166,0.321,0.158,0.181,0.147,0.276,,47.0,2026-09-28T07:15:00,0.587,2026-09-28T07:15:00,59.0,2026-09-28T07:15:00,0.191,2026-09-28T07:15:00,10.0,2026-09-28T07:15:00,0.15,2026-09-28T07:15:00,29.0,2026-09-28T07:15:00,1.1,2026-09-28T07:15:00,26.0,2026-09-28T07:15:00,,,,,,,,,,,,
2026-09-28T05:30:00+00:00,2.49,2026-09-28T07:30:00,2.36,2026-09-28T07:30:00,47.0,2026-09-28T07:30:00,0.0,0.0,0.0,12.6,,,1.06,2026-09-28T07:30:00,71.0,2026-09-28T07:30:00,,,0.0,0.0,15.2,,,,,,,0.0,,,,,,,,,,,,,,,,,,,0.189,0.2,0.166,0.321,0.158,0.181,0.147,0.276,,47.0,2026-09-28T07:30:00,0.587,2026-09-28T07:30:00,59.0,2026-09-28T07:30:00,0.191,2026-09-28T07:30:00,10.0,2026-09-28T07:30:00,0.15,2026-09-28T07:30:00,29.0,2026-09-28T07:30:00,1.1,2026-09-28T07:30:00,26.0,2026-09-28T07:30:00,,,,,,,,,,,,
2026-09-28T05:49:28.321825+00:00,2.49,2026-09-28T07:45:00,2.36,2026-09-28T07:45:00,47.0,2026-09-28T07:45:00,0.0,0.0,0.0,9.0,,,1.06,2026-09-28T07:45:00,71.0,2026-09-28T07:45:00,874.58,2026-09-28T07:45:00,0.0,0.0,13.7,0.0,0.0,0.86,2026-09-28T07:45:00,55.0,2026-09-28T07:45:00,0.0,0.0,2026-09-28T07:35:00,0.0,2026-09-28T07:25:00,0.0,2026-09-28T07:40:00,0.0,0.0,0.0,0.0,0.0,0.0,0.0,0.0,0.0,0.0,0.0,0.0,0.201,0.208,0.169,0.321,0.141,0.176,0.147,0.276,2026-09-28T05:00,47.0,2026-09-28T07:45:00,0.587,2026-09-28T07:45:00,59.0,2026-09-28T07:45:00,0.229,2026-09-28T00:15:00,12.0,2026-09-28T00:15:00,0.15,2026-09-28T07:45:00,29.0,2026-09-28T07:45:00,1.1,2026-09-28T07:45:00,26.0,2026-09-28T07:45:00,2026-09-28,0.0,0.0,0.0,2.17,1.95,0.52,0.0,1.22,503.1,13.5,2026-09-27T11:00:00
2026-09-28T06:00:00+00:00,2.49,2026-09-28T08:00:00,2.5,2026-09-28T08:00:00,48.0,2026-09-28T08:00:00,0.0,0.0,0.0,13.9,,,1.06,2026-09-28T08:00:00,71.0,2026-09-28T08:00:00,,,0.0,0.0,16.1,,,,,,,0.0,,,,,,,,,,,,,,,,,,,0.189,0.2,0.166,0.321,0.157,0.181,0.147,0.276,,47.0,2026-09-28T08:00:00,0.587,2026-09-28T08:00:00,59.0,2026-09-28T08:00:00,0.191,2026-09-28T08:00:00,10.0,2026-09-28T08:00:00,0.15,2026-09-28T08:00:00,29.0,2026-09-28T08:00:00,1.1,2026-09-28T08:00:00,26.0,2026-09-28T08:00:00,,,,,,,,,,,,
2026-09-28T06:15:00+00:00,2.49,2026-09-28T08:15:00,2.5,2026-09-28T08:15:00,48.0,2026-09-28T08:15:00,0.0,0.0,0.0,13.9,,,1.06,2026-09-28T08:15:00,71.0,2026-09-28T08:15:00,,,0.0,0.0,16.1,,,,,,,0.0,,,,,,,,,,,,,,,,,,,0.189,0.2,0.166,0.321,0.157,0.181,0.147,0.276,,47.0,2026-09-28T08:15:00,0.587,2026-09-28T08:15:00,59.0,2026-09-28T08:15:00,0.191,2026-09-28T08:15:00,10.0,2026-09-28T08:15:00,0.15,2026-09-28T08:15:00,29.0,2026-09-28T08:15:00,1.1,2026-09-28T08:15:00,26.0,2026-09-28T08:15:00,,,,,,,,,,,,
2026-09-28T06:30:00+00:00,2.49,2026-09-28T08:30:00,2.5,2026-09-28T08:30:00,48.0,2026-09-28T08:30:00,0.0,0.0,0.0,13.9,,,1.06,2026-09-28T08:30:00,71.0,2026-09-28T08:30:00,,,0.0,0.0,16.1,,,,,,,0.0,,,,,,,,,,,,,,,,,,,0.189,0.2,0.166,0.321,0.157,0.181,0.147,0.276,,47.0,2026-09-28T08:30:00,0.587,2026-09-28T08:30:00,59.0,2026-09-28T08:30:00,0.191,2026-09-28T08:30:00,10.0,2026-09-28T08:30:00,0.15,2026-09-28T08:30:00,29.0,2026-09-28T08:30:00,1.1,2026-09-28T08:30:00,26.0,2026-09-28T08:30:00,,,,,,,,,,,,
2026-09-28T06:48:23.019924+00:00,2.49,2026-09-28T08:30:00,2.5,2026-09-28T08:45:00,48.0,2026-09-28T08:45:00,0.0,0.0,0.0,11.3,,,1.06,2026-09-28T08:45:00,71.0,2026-09-28T08:45:00,874.58,2026-09-28T08:45:00,0.0,0.0,15.6,0.0,0.0,0.82,2026-09-28T08:45:00,54.0,2026-09-28T08:45:00,0.0,0.0,2026-09-28T08:30:00,0.0,2026-09-28T08:25:00,0.0,2026-09-28T08:35:00,0.0,0.0,0.0,0.0,0.0,0.0,0.0,0.0,0.0,0.0,0.0,0.0,0.201,0.208,0.169,0.321,0.141,0.176,0.147,0.276,2026-09-28T06:00,47.0,2026-09-28T08:30:00,0.587,2026-09-28T08:45:00,59.0,2026-09-28T08:45:00,0.229,2026-09-28T00:15:00,12.0,2026-09-28T00:15:00,0.193,2026-09-28T08:45:00,30.0,2026-09-28T08:45:00,1.1,2026-09-28T08:45:00,26.0,2026-09-28T08:45:00,2026-09-28,0.0,0.0,0.0,2.17,1.95,0.52,0.0,1.22,503.1,13.5,2026-09-27T11:00:00
2026-09-28T07:09:07.337158+00:00,2.49,2026-09-28T09:00:00,2.5,2026-09-28T09:00:00,48.0,2026-09-28T09:00:00,0.0,0.0,0.0,12.2,,,1.06,2026-09-28T09:00:00,71.0,2026-09-28T09:00:00,874.63,2026-09-28T09:00:00,0.0,0.0,16.4,0.0,0.0,0.86,2026-09-28T09:00:00,55.0,2026-09-28T09:00:00,0.0,0.0,2026-09-28T08:55:00,0.0,2026-09-28T08:55:00,0.0,2026-09-28T09:00:00,0.0,0.0,0.0,0.0,0.0,0.0,0.0,0.0,0.0,0.0,0.0,0.0,0.189,0.2,0.166,0.321,0.158,0.181,0.147,0.276,2026-09-28T07:00,47.0,2026-09-28T09:00:00,0.587,2026-09-28T09:00:00,59.0,2026-09-28T09:00:00,0.229,2026-09-28T00:15:00,12.0,2026-09-28T00:15:00,0.193,2026-09-28T09:00:00,30.0,2026-09-28T09:00:00,1.1,2026-09-28T09:00:00,26.0,2026-09-28T09:00:00,2026-09-28,0.0,0.0,0.0,2.17,1.95,0.52,0.0,0.0,503.1,13.5,2026-09-27T11:00:00
2026-09-28T07:15:00+00:00,2.49,2026-09-28T09:15:00,2.5,2026-09-28T09:15:00,48.0,2026-09-28T09:15:00,0.0,0.0,0.0,17.2,,,1.06,2026-09-28T09:15:00,71.0,2026-09-28T09:15:00,,,0.0,0.0,18.7,,,,,,,0.0,,,,,,,,,,,,,,,,,,,0.189,0.2,0.166,0.321,0.157,0.18,0.147,0.276,,47.0,2026-09-28T09:15:00,0.587,2026-09-28T09:15:00,59.0,2026-09-28T09:15:00,0.209,2026-09-28T09:15:00,11.0,2026-09-28T09:15:00,0.193,2026-09-28T09:15:00,30.0,2026-09-28T09:15:00,1.1,2026-09-28T09:15:00,26.0,2026-09-28T09:15:00,,,,,,,,,,,,
2026-09-28T07:30:00+00:00,2.49,2026-09-28T09:30:00,2.5,2026-09-28T09:30:00,48.0,2026-09-28T09:30:00,0.0,0.0,0.0,17.2,,,1.06,2026-09-28T09:30:00,71.0,2026-09-28T09:30:00,,,0.0,0.0,18.7,,,,,,,0.0,,,,,,,,,,,,,,,,,,,0.189,0.2,0.166,0.321,0.157,0.18,0.147,0.276,,47.0,2026-09-28T09:30:00,0.587,2026-09-28T09:30:00,59.0,2026-09-28T09:30:00,0.209,2026-09-28T09:30:00,11.0,2026-09-28T09:30:00,0.193,2026-09-28T09:30:00,30.0,2026-09-28T09:30:00,1.1,2026-09-28T09:30:00,26.0,2026-09-28T09:30:00,,,,,,,,,,,,
2026-09-28T07:52:32.869190+00:00,2.65,2026-09-28T09:45:00,2.5,2026-09-28T09:45:00,48.0,2026-09-28T09:45:00,0.0,0.0,0.0,15.5,,,1.06,2026-09-28T09:45:00,71.0,2026-09-28T09:45:00,874.58,2026-09-28T09:45:00,0.0,0.0,18.3,0.0,0.0,0.82,2026-09-28T09:45:00,54.0,2026-09-28T09:45:00,0.0,0.0,2026-09-28T09:35:00,0.0,2026-09-28T09:25:00,0.0,2026-09-28T09:40:00,0.0,0.0,0.0,0.0,0.0,0.0,0.0,0.0,0.0,0.0,0.0,0.0,0.189,0.2,0.166,0.321,0.158,0.181,0.147,0.276,2026-09-28T07:00,48.0,2026-09-28T09:45:00,0.587,2026-09-28T09:45:00,59.0,2026-09-28T09:45:00,0.229,2026-09-28T00:15:00,12.0,2026-09-28T00:15:00,0.256,2026-09-28T09:45:00,31.0,2026-09-28T09:45:00,1.1,2026-09-28T09:45:00,26.0,2026-09-28T09:45:00,2026-09-28,0.0,0.0,0.0,2.17,1.95,0.52,0.0,0.0,503.1,13.5,2026-09-27T11:00:00
2026-09-28T08:00:00+00:00,2.65,2026-09-28T10:00:00,2.5,2026-09-28T10:00:00,48.0,2026-09-28T10:00:00,0.0,0.0,0.0,20.9,,,1.06,2026-09-28T10:00:00,71.0,2026-09-28T10:00:00,,,0.0,0.0,20.6,,,,,,,0.0,,,,,,,,,,,,,,,,,,,0.189,0.2,0.166,0.321,0.157,0.18,0.147,0.276,,48.0,2026-09-28T10:00:00,0.587,2026-09-28T10:00:00,59.0,2026-09-28T10:00:00,0.209,2026-09-28T10:00:00,11.0,2026-09-28T10:00:00,0.256,2026-09-28T10:00:00,31.0,2026-09-28T10:00:00,1.1,2026-09-28T10:00:00,26.0,2026-09-28T10:00:00,,,,,,,,,,,,
2026-09-28T08:15:00+00:00,2.83,2026-09-28T10:15:00,2.5,2026-09-28T10:15:00,48.0,2026-09-28T10:15:00,0.0,0.0,0.0,20.9,,,1.06,2026-09-28T10:15:00,71.0,2026-09-28T10:15:00,,,0.0,0.0,20.6,,,,,,,0.0,,,,,,,,,,,,,,,,,,,0.189,0.2,0.166,0.321,0.157,0.18,0.147,0.276,,49.0,2026-09-28T10:15:00,0.587,2026-09-28T10:15:00,59.0,2026-09-28T10:15:00,0.209,2026-09-28T10:15:00,11.0,2026-09-28T10:15:00,0.256,2026-09-28T10:15:00,31.0,2026-09-28T10:15:00,1.1,2026-09-28T10:15:00,26.0,2026-09-28T10:15:00,,,,,,,,,,,,
2026-09-28T08:30:00+00:00,2.83,2026-09-28T10:30:00,2.5,2026-09-28T10:30:00,48.0,2026-09-28T10:30:00,0.0,0.0,0.0,20.9,,,1.06,2026-09-28T10:30:00,71.0,2026-09-28T10:30:00,,,0.0,0.0,20.6,,,,,,,0.0,,,,,,,,,,,,,,,,,,,0.189,0.2,0.166,0.321,0.157,0.18,0.147,0.276,,49.0,2026-09-28T10:30:00,0.587,2026-09-28T10:30:00,59.0,2026-09-28T10:30:00,0.209,2026-09-28T10:30:00,11.0,2026-09-28T10:30:00,0.256,2026-09-28T10:30:00,31.0,2026-09-28T10:30:00,1.1,2026-09-28T10:30:00,26.0,2026-09-28T10:30:00,,,,,,,,,,,,
2026-09-28T08:45:00+00:00,2.83,2026-09-28T10:45:00,2.5,2026-09-28T10:45:00,48.0,2026-09-28T10:45:00,0.0,0.0,0.0,20.9,,,1.06,2026-09-28T10:45:00,71.0,2026-09-28T10:45:00,,,0.0,0.0,20.6,,,,,,,0.0,,,,,,,,,,,,,,,,,,,0.189,0.2,0.166,0.321,0.157,0.18,0.147,0.276,,49.0,2026-09-28T10:45:00,0.587,2026-09-28T10:45:00,59.0,2026-09-28T10:45:00,0.209,2026-09-28T10:45:00,11.0,2026-09-28T10:45:00,0.256,2026-09-28T10:45:00,31.0,2026-09-28T10:45:00,1.1,2026-09-28T10:45:00,26.0,2026-09-28T10:45:00,,,,,,,,,,,,
2026-09-28T09:00:00+00:00,2.83,2026-09-28T11:00:00,2.36,2026-09-28T11:00:00,47.0,2026-09-28T11:00:00,0.0,0.0,0.0,23.3,,,1.06,2026-09-28T11:00:00,71.0,2026-09-28T11:00:00,,,0.0,0.0,21.7,,,,,,,0.0,,,,,,,,,,,,,,,,,,,0.188,0.199,0.166,0.321,0.156,0.18,0.147,0.276,,49.0,2026-09-28T11:00:00,0.587,2026-09-28T11:00:00,59.0,2026-09-28T11:00:00,0.209,2026-09-28T11:00:00,11.0,2026-09-28T11:00:00,0.256,2026-09-28T11:00:00,31.0,2026-09-28T11:00:00,1.1,2026-09-28T11:00:00,26.0,2026-09-28T11:00:00,,,,,,,,,,,,
2026-09-28T09:15:00+00:00,3.02,2026-09-28T11:15:00,2.5,2026-09-28T11:15:00,48.0,2026-09-28T11:15:00,0.0,0.0,0.0,23.3,,,1.06,2026-09-28T11:15:00,71.0,2026-09-28T11:15:00,,,0.0,0.0,21.7,,,,,,,0.0,,,,,,,,,,,,,,,,,,,0.188,0.199,0.166,0.321,0.156,0.18,0.147,0.276,,50.0,2026-09-28T11:15:00,0.587,2026-09-28T11:15:00,59.0,2026-09-28T11:15:00,0.209,2026-09-28T11:15:00,11.0,2026-09-28T11:15:00,0.256,2026-09-28T11:15:00,31.0,2026-09-28T11:15:00,1.1,2026-09-28T11:15:00,26.0,2026-09-28T11:15:00,,,,,,,,,,,,
2026-09-28T09:30:00+00:00,3.02,2026-09-28T11:30:00,2.5,2026-09-28T11:30:00,48.0,2026-09-28T11:30:00,0.0,0.0,0.0,23.3,,,1.06,2026-09-28T11:30:00,71.0,2026-09-28T11:30:00,,,0.0,0.0,21.7,,,,,,,0.0,,,,,,,,,,,,,,,,,,,0.188,0.199,0.166,0.321,0.156,0.18,0.147,0.276,,50.0,2026-09-28T11:30:00,0.587,2026-09-28T11:30:00,59.0,2026-09-28T11:30:00,0.209,2026-09-28T11:30:00,11.0,2026-09-28T11:30:00,0.256,2026-09-28T11:30:00,31.0,2026-09-28T11:30:00,1.1,2026-09-28T11:30:00,26.0,2026-09-28T11:30:00,,,,,,,,,,,,
2026-09-28T09:45:00+00:00,2.83,2026-09-28T11:45:00,2.36,2026-09-28T11:45:00,47.0,2026-09-28T11:45:00,0.0,0.0,0.0,23.3,,,1.06,2026-09-28T11:45:00,71.0,2026-09-28T11:45:00,,,0.0,0.0,21.7,,,,,,,0.0,,,,,,,,,,,,,,,,,,,0.188,0.199,0.166,0.321,0.156,0.18,0.147,0.276,,49.0,2026-09-28T11:45:00,0.587,2026-09-28T11:45:00,59.0,2026-09-28T11:45:00,0.209,2026-09-28T11:45:00,11.0,2026-09-28T11:45:00,0.256,2026-09-28T11:45:00,31.0,2026-09-28T11:45:00,1.1,2026-09-28T11:45:00,26.0,2026-09-28T11:45:00,,,,,,,,,,,,
2026-09-28T10:00:00+00:00,2.83,2026-09-28T12:00:00,2.5,2026-09-28T12:00:00,48.0,2026-09-28T12:00:00,0.0,0.0,0.0,24.8,,,1.06,2026-09-28T12:00:00,71.0,2026-09-28T12:00:00,,,0.0,0.0,22.5,,,,,,,0.0,,,,,,,,,,,,,,,,,,,0.186,0.199,0.166,0.321,0.155,0.179,0.147,0.276,,49.0,2026-09-28T12:00:00,0.587,2026-09-28T12:00:00,59.0,2026-09-28T12:00:00,0.191,2026-09-28T12:00:00,10.0,2026-09-28T12:00:00,0.256,2026-09-28T12:00:00,31.0,2026-09-28T12:00:00,1.1,2026-09-28T12:00:00,26.0,2026-09-28T12:00:00,,,,,,,,,,,,
2026-09-28T10:15:00+00:00,2.65,2026-09-28T12:15:00,2.5,2026-09-28T12:15:00,48.0,2026-09-28T12:15:00,0.0,0.0,0.0,24.8,,,1.06,2026-09-28T12:15:00,71.0,2026-09-28T12:15:00,,,0.0,0.0,22.5,,,,,,,0.0,,,,,,,,,,,,,,,,,,,0.186,0.199,0.166,0.321,0.155,0.179,0.147,0.276,,48.0,2026-09-28T12:15:00,0.587,2026-09-28T12:15:00,59.0,2026-09-28T12:15:00,0.191,2026-09-28T12:15:00,10.0,2026-09-28T12:15:00,0.256,2026-09-28T12:15:00,31.0,2026-09-28T12:15:00,1.1,2026-09-28T12:15:00,26.0,2026-09-28T12:15:00,,,,,,,,,,,,
2026-09-28T10:30:00+00:00,2.65,2026-09-28T12:30:00,2.5,2026-09-28T12:30:00,48.0,2026-09-28T12:30:00,0.0,0.0,0.0,24.8,,,1.06,2026-09-28T12:30:00,71.0,2026-09-28T12:30:00,,,0.0,0.0,22.5,,,,,,,0.0,,,,,,,,,,,,,,,,,,,0.186,0.199,0.166,0.321,0.155,0.179,0.147,0.276,,48.0,2026-09-28T12:30:00,0.587,2026-09-28T12:30:00,59.0,2026-09-28T12:30:00,0.191,2026-09-28T12:30:00,10.0,2026-09-28T12:30:00,0.256,2026-09-28T12:30:00,31.0,2026-09-28T12:30:00,1.1,2026-09-28T12:30:00,26.0,2026-09-28T12:30:00,,,,,,,,,,,,
2026-09-28T10:45:00+00:00,2.65,2026-09-28T12:45:00,2.36,2026-09-28T12:45:00,47.0,2026-09-28T12:45:00,0.0,0.0,0.0,24.7,,,1.06,2026-09-28T12:45:00,71.0,2026-09-28T12:45:00,,,0.0,0.0,22.5,,,,,,,0.0,,,,,,,,,,,,,,,,,,,0.19,0.201,0.166,0.321,0.16,0.181,0.147,0.276,,48.0,2026-09-28T12:45:00,0.587,2026-09-28T12:45:00,59.0,2026-09-28T12:45:00,0.191,2026-09-28T12:45:00,10.0,2026-09-28T12:45:00,0.256,2026-09-28T12:45:00,31.0,2026-09-28T12:45:00,1.1,2026-09-28T12:45:00,26.0,2026-09-28T12:45:00,,,,,,,,,,,,
2026-09-28T11:00:00+00:00,2.49,2026-09-28T13:00:00,2.5,2026-09-28T13:00:00,48.0,2026-09-28T13:00:00,0.0,0.0,0.0,26.0,,,1.06,2026-09-28T13:00:00,71.0,2026-09-28T13:00:00,,,0.0,0.0,23.2,,,,,,,0.0,,,,,,,,,,,,,,,,,,,0.189,0.201,0.166,0.321,0.159,0.181,0.147,0.276,,47.0,2026-09-28T13:00:00,0.587,2026-09-28T13:00:00,59.0,2026-09-28T13:00:00,0.191,2026-09-28T13:00:00,10.0,2026-09-28T13:00:00,0.256,2026-09-28T13:00:00,31.0,2026-09-28T13:00:00,1.1,2026-09-28T13:00:00,26.0,2026-09-28T13:00:00,,,,,,,,,,,,
2026-09-28T11:15:00+00:00,2.49,2026-09-28T13:15:00,2.5,2026-09-28T13:15:00,48.0,2026-09-28T13:15:00,0.0,0.0,0.0,26.0,,,1.06,2026-09-28T13:15:00,71.0,2026-09-28T13:15:00,,,0.0,0.0,23.2,,,,,,,0.0,,,,,,,,,,,,,,,,,,,0.189,0.201,0.166,0.321,0.159,0.181,0.147,0.276,,47.0,2026-09-28T13:15:00,0.587,2026-09-28T13:15:00,59.0,2026-09-28T13:15:00,0.191,2026-09-28T13:15:00,10.0,2026-09-28T13:15:00,0.256,2026-09-28T13:15:00,31.0,2026-09-28T13:15:00,1.1,2026-09-28T13:15:00,26.0,2026-09-28T13:15:00,,,,,,,,,,,,
2026-09-28T11:30:00+00:00,2.49,2026-09-28T13:30:00,2.5,2026-09-28T13:30:00,48.0,2026-09-28T13:30:00,0.0,0.0,0.0,26.0,,,1.06,2026-09-28T13:30:00,71.0,2026-09-28T13:30:00,,,0.0,0.0,23.2,,,,,,,0.0,,,,,,,,,,,,,,,,,,,0.189,0.201,0.166,0.321,0.159,0.181,0.147,0.276,,47.0,2026-09-28T13:30:00,0.587,2026-09-28T13:30:00,59.0,2026-09-28T13:30:00,0.191,2026-09-28T13:30:00,10.0,2026-09-28T13:30:00,0.193,2026-09-28T13:30:00,30.0,2026-09-28T13:30:00,1.1,2026-09-28T13:30:00,26.0,2026-09-28T13:30:00,,,,,,,,,,,,
2026-09-28T11:45:00+00:00,2.49,2026-09-28T13:45:00,2.5,2026-09-28T13:45:00,48.0,2026-09-28T13:45:00,0.0,0.0,0.0,26.0,,,1.06,2026-09-28T13:45:00,71.0,2026-09-28T13:45:00,,,0.0,0.0,23.2,,,,,,,0.0,,,,,,,,,,,,,,,,,,,0.189,0.201,0.166,0.321,0.159,0.181,0.147,0.276,,47.0,2026-09-28T13:45:00,0.587,2026-09-28T13:45:00,59.0,2026-09-28T13:45:00,0.191,2026-09-28T13:45:00,10.0,2026-09-28T13:45:00,0.193,2026-09-28T13:45:00,30.0,2026-09-28T13:45:00,1.1,2026-09-28T13:45:00,26.0,2026-09-28T13:45:00,,,,,,,,,,,,
2026-09-28T12:00:00+00:00,2.33,2026-09-28T14:00:00,2.36,2026-09-28T14:00:00,47.0,2026-09-28T14:00:00,0.0,0.0,0.0,26.5,,,1.17,2026-09-28T14:00:00,72.0,2026-09-28T14:00:00,,,0.0,0.0,23.7,,,,,,,0.0,,,,,,,,,,,,,,,,,,,0.193,0.205,0.168,0.321,0.158,0.181,0.147,0.276,,46.0,2026-09-28T14:00:00,0.587,2026-09-28T14:00:00,59.0,2026-09-28T14:00:00,0.191,2026-09-28T14:00:00,10.0,2026-09-28T14:00:00,0.193,2026-09-28T14:00:00,30.0,2026-09-28T14:00:00,1.1,2026-09-28T14:00:00,26.0,2026-09-28T14:00:00,,,,,,,,,,,,
2026-09-28T12:15:00+00:00,2.33,2026-09-28T14:15:00,2.36,2026-09-28T14:15:00,47.0,2026-09-28T14:15:00,0.0,0.0,0.0,26.5,,,1.3,2026-09-28T14:15:00,73.0,2026-09-28T14:15:00,,,0.0,0.0,23.7,,,,,,,0.0,,,,,,,,,,,,,,,,,,,0.193,0.205,0.168,0.321,0.158,0.181,0.147,0.276,,46.0,2026-09-28T14:15:00,0.587,2026-09-28T14:15:00,59.0,2026-09-28T14:15:00,0.191,2026-09-28T14:15:00,10.0,2026-09-28T14:15:00,0.193,2026-09-28T14:15:00,30.0,2026-09-28T14:15:00,1.1,2026-09-28T14:15:00,26.0,2026-09-28T14:15:00,,,,,,,,,,,,
2026-09-28T12:30:00+00:00,2.33,2026-09-28T14:30:00,2.36,2026-09-28T14:30:00,47.0,2026-09-28T14:30:00,0.0,0.0,0.0,26.5,,,1.43,2026-09-28T14:30:00,74.0,2026-09-28T14:30:00,,,0.0,0.0,23.7,,,,,,,0.0,,,,,,,,,,,,,,,,,,,0.193,0.205,0.168,0.321,0.158,0.181,0.147,0.276,,46.0,2026-09-28T14:30:00,0.587,2026-09-28T14:30:00,59.0,2026-09-28T14:30:00,0.191,2026-09-28T14:30:00,10.0,2026-09-28T14:30:00,0.193,2026-09-28T14:30:00,30.0,2026-09-28T14:30:00,1.1,2026-09-28T14:30:00,26.0,2026-09-28T14:30:00,,,,,,,,,,,,
2026-09-28T12:45:00+00:00,2.33,2026-09-28T14:45:00,2.36,2026-09-28T14:45:00,47.0,2026-09-28T14:45:00,0.0,0.0,0.0,26.5,,,1.3,2026-09-28T14:45:00,73.0,2026-09-28T14:45:00,,,0.0,0.0,23.7,,,,,,,0.0,,,,,,,,,,,,,,,,,,,0.193,0.205,0.168,0.321,0.158,0.181,0.147,0.276,,46.0,2026-09-28T14:45:00,0.587,2026-09-28T14:45:00,59.0,2026-09-28T14:45:00,0.191,2026-09-28T14:45:00,10.0,2026-09-28T14:45:00,0.193,2026-09-28T14:45:00,30.0,2026-09-28T14:45:00,1.1,2026-09-28T14:45:00,26.0,2026-09-28T14:45:00,,,,,,,,,,,,
2026-09-28T13:00:00+00:00,2.33,2026-09-28T15:00:00,2.36,2026-09-28T15:00:00,47.0,2026-09-28T15:00:00,0.0,0.0,0.0,26.7,,,1.3,2026-09-28T15:00:00,73.0,2026-09-28T15:00:00,,,0.0,0.0,23.7,,,,,,,0.0,,,,,,,,,,,,,,,,,,,0.192,0.204,0.168,0.321,0.156,0.181,0.147,0.276,,46.0,2026-09-28T15:00:00,0.587,2026-09-28T15:00:00,59.0,2026-09-28T15:00:00,0.191,2026-09-28T15:00:00,10.0,2026-09-28T15:00:00,0.193,2026-09-28T15:00:00,30.0,2026-09-28T15:00:00,1.1,2026-09-28T15:00:00,26.0,2026-09-28T15:00:00,,,,,,,,,,,,
2026-09-28T13:15:00+00:00,2.33,2026-09-28T15:15:00,2.36,2026-09-28T15:15:00,47.0,2026-09-28T15:15:00,0.0,0.0,0.0,26.7,,,1.17,2026-09-28T15:15:00,72.0,2026-09-28T15:15:00,,,0.0,0.0,23.7,,,,,,,0.0,,,,,,,,,,,,,,,,,,,0.192,0.204,0.168,0.321,0.156,0.181,0.147,0.276,,46.0,2026-09-28T15:15:00,0.587,2026-09-28T15:15:00,59.0,2026-09-28T15:15:00,0.174,2026-09-28T15:15:00,9.0,2026-09-28T15:15:00,0.193,2026-09-28T15:15:00,30.0,2026-09-28T15:15:00,1.1,2026-09-28T15:15:00,26.0,2026-09-28T15:15:00,,,,,,,,,,,,
2026-09-28T13:30:00+00:00,2.33,2026-09-28T15:30:00,2.36,2026-09-28T15:30:00,47.0,2026-09-28T15:30:00,0.0,0.0,0.0,26.7,,,1.17,2026-09-28T15:30:00,72.0,2026-09-28T15:30:00,,,0.0,0.0,23.7,,,,,,,0.0,,,,,,,,,,,,,,,,,,,0.192,0.204,0.168,0.321,0.156,0.181,0.147,0.276,,46.0,2026-09-28T15:30:00,0.587,2026-09-28T15:30:00,59.0,2026-09-28T15:30:00,0.174,2026-09-28T15:30:00,9.0,2026-09-28T15:30:00,0.193,2026-09-28T15:30:00,30.0,2026-09-28T15:30:00,1.1,2026-09-28T15:30:00,26.0,2026-09-28T15:30:00,,,,,,,,,,,,
2026-09-28T13:45:00+00:00,2.33,2026-09-28T15:45:00,2.36,2026-09-28T15:45:00,47.0,2026-09-28T15:45:00,0.0,0.0,0.0,26.7,,,1.06,2026-09-28T15:45:00,71.0,2026-09-28T15:45:00,,,0.0,0.0,23.7,,,,,,,0.0,,,,,,,,,,,,,,,,,,,0.192,0.204,0.168,0.321,0.156,0.181,0.147,0.276,,46.0,2026-09-28T15:45:00,0.587,2026-09-28T15:45:00,59.0,2026-09-28T15:45:00,0.174,2026-09-28T15:45:00,9.0,2026-09-28T15:45:00,0.193,2026-09-28T15:45:00,30.0,2026-09-28T15:45:00,1.1,2026-09-28T15:45:00,26.0,2026-09-28T15:45:00,,,,,,,,,,,,
2026-09-28T14:00:00+00:00,2.33,2026-09-28T16:00:00,2.36,2026-09-28T16:00:00,47.0,2026-09-28T16:00:00,0.0,0.0,0.0,26.4,,,1.06,2026-09-28T16:00:00,71.0,2026-09-28T16:00:00,,,0.0,0.0,23.0,,,,,,,0.0,,,,,,,,,,,,,,,,,,,0.19,0.204,0.168,0.321,0.155,0.18,0.147,0.276,,46.0,2026-09-28T16:00:00,0.587,2026-09-28T16:00:00,59.0,2026-09-28T16:00:00,0.174,2026-09-28T16:00:00,9.0,2026-09-28T16:00:00,0.193,2026-09-28T16:00:00,30.0,2026-09-28T16:00:00,1.1,2026-09-28T16:00:00,26.0,2026-09-28T16:00:00,,,,,,,,,,,,
2026-09-28T14:26:21.368516+00:00,2.33,2026-09-28T16:15:00,2.36,2026-09-28T16:15:00,47.0,2026-09-28T16:15:00,0.0,0.0,0.0,26.5,,,1.06,2026-09-28T16:15:00,71.0,2026-09-28T16:15:00,874.57,2026-09-28T16:15:00,0.0,0.0,22.2,0.0,0.0,0.791,2026-09-28T16:15:00,53.0,2026-09-28T16:15:00,0.0,0.0,2026-09-28T16:10:00,0.0,2026-09-28T15:55:00,0.0,2026-09-28T16:15:00,0.0,0.0,0.0,0.0,0.0,0.0,0.0,0.0,0.0,0.0,0.0,0.0,0.187,0.2,0.166,0.321,0.157,0.18,0.147,0.276,2026-09-28T14:00,46.0,2026-09-28T16:15:00,0.587,2026-09-28T16:15:00,59.0,2026-09-28T16:15:00,0.229,2026-09-28T00:15:00,12.0,2026-09-28T00:15:00,0.193,2026-09-28T16:15:00,30.0,2026-09-28T16:15:00,1.1,2026-09-28T16:15:00,26.0,2026-09-28T16:15:00,2026-09-28,0.0,0.0,0.0,3.14,5.82,0.42,0.0,0.0,503.1,13.5,2026-09-28T11:00:00
2026-09-28T14:30:00+00:00,2.33,2026-09-28T16:30:00,2.36,2026-09-28T16:30:00,47.0,2026-09-28T16:30:00,0.0,0.0,0.0,26.4,,,1.06,2026-09-28T16:30:00,71.0,2026-09-28T16:30:00,,,0.0,0.0,23.0,,,,,,,0.0,,,,,,,,,,,,,,,,,,,0.19,0.204,0.168,0.321,0.155,0.18,0.147,0.276,,46.0,2026-09-28T16:30:00,0.587,2026-09-28T16:30:00,59.0,2026-09-28T16:30:00,0.174,2026-09-28T16:30:00,9.0,2026-09-28T16:30:00,0.193,2026-09-28T16:30:00,30.0,2026-09-28T16:30:00,1.1,2026-09-28T16:30:00,26.0,2026-09-28T16:30:00,,,,,,,,,,,,
2026-09-28T14:45:00+00:00,2.33,2026-09-28T16:45:00,2.36,2026-09-28T16:45:00,47.0,2026-09-28T16:45:00,0.0,0.0,0.0,26.4,,,1.17,2026-09-28T16:45:00,72.0,2026-09-28T16:45:00,,,0.0,0.0,23.0,,,,,,,0.0,,,,,,,,,,,,,,,,,,,0.19,0.204,0.168,0.321,0.155,0.18,0.147,0.276,,46.0,2026-09-28T16:45:00,0.587,2026-09-28T16:45:00,59.0,2026-09-28T16:45:00,0.174,2026-09-28T16:45:00,9.0,2026-09-28T16:45:00,0.193,2026-09-28T16:45:00,30.0,2026-09-28T16:45:00,1.1,2026-09-28T16:45:00,26.0,2026-09-28T16:45:00,,,,,,,,,,,,
2026-09-28T15:00:00+00:00,2.33,2026-09-28T17:00:00,2.36,2026-09-28T17:00:00,47.0,2026-09-28T17:00:00,0.0,0.0,0.0,25.3,,,1.17,2026-09-28T17:00:00,72.0,2026-09-28T17:00:00,,,0.0,0.0,22.1,,,,,,,0.0,,,,,,,,,,,,,,,,,,,0.189,0.204,0.168,0.321,0.154,0.18,0.147,0.276,,46.0,2026-09-28T17:00:00,0.587,2026-09-28T17:00:00,59.0,2026-09-28T17:00:00,0.174,2026-09-28T17:00:00,9.0,2026-09-28T17:00:00,0.193,2026-09-28T17:00:00,30.0,2026-09-28T17:00:00,1.01,2026-09-28T17:00:00,25.0,2026-09-28T17:00:00,,,,,,,,,,,,
2026-09-28T15:22:40.115548+00:00,2.33,2026-09-28T17:15:00,2.36,2026-09-28T17:15:00,47.0,2026-09-28T17:15:00,0.0,0.0,0.0,25.0,,,1.17,2026-09-28T17:15:00,72.0,2026-09-28T17:15:00,874.57,2026-09-28T17:15:00,0.0,0.0,20.8,0.0,0.0,0.82,2026-09-28T17:15:00,54.0,2026-09-28T17:15:00,0.0,0.0,2026-09-28T17:05:00,0.0,2026-09-28T16:55:00,0.0,2026-09-28T17:10:00,0.0,0.0,0.0,0.0,0.0,0.0,0.0,0.0,0.0,0.0,0.0,0.0,0.186,0.2,0.166,0.321,0.156,0.179,0.147,0.276,2026-09-28T15:00,46.0,2026-09-28T17:15:00,0.587,2026-09-28T17:15:00,59.0,2026-09-28T17:15:00,0.229,2026-09-28T00:15:00,12.0,2026-09-28T00:15:00,0.193,2026-09-28T17:15:00,30.0,2026-09-28T17:15:00,1.01,2026-09-28T17:15:00,25.0,2026-09-28T17:15:00,2026-09-28,0.0,0.0,0.0,3.14,5.82,0.42,0.0,0.0,503.1,13.5,2026-09-28T11:00:00
2026-09-28T15:41:19.043742+00:00,2.33,2026-09-28T17:30:00,2.36,2026-09-28T17:30:00,47.0,2026-09-28T17:30:00,0.0,0.0,0.0,24.4,,,1.17,2026-09-28T17:30:00,72.0,2026-09-28T17:30:00,874.57,2026-09-28T17:30:00,0.0,0.0,20.4,0.0,0.0,0.82,2026-09-28T17:30:00,54.0,2026-09-28T17:30:00,0.0,0.0,2026-09-28T17:25:00,0.0,2026-09-28T17:25:00,0.0,2026-09-28T17:30:00,0.0,0.0,0.0,0.0,0.0,0.0,0.0,0.0,0.0,0.0,0.0,0.0,0.186,0.2,0.166,0.321,0.156,0.179,0.147,0.276,2026-09-28T15:00,46.0,2026-09-28T17:30:00,0.587,2026-09-28T17:30:00,59.0,2026-09-28T17:30:00,0.229,2026-09-28T00:15:00,12.0,2026-09-28T00:15:00,0.193,2026-09-28T17:30:00,30.0,2026-09-28T17:30:00,1.01,2026-09-28T17:30:00,25.0,2026-09-28T17:30:00,2026-09-28,0.0,0.0,0.0,3.14,5.82,0.42,0.0,0.0,503.1,13.5,2026-09-28T11:00:00
2026-09-28T15:45:00+00:00,2.33,2026-09-28T17:45:00,2.36,2026-09-28T17:45:00,47.0,2026-09-28T17:45:00,0.0,0.0,0.0,25.3,,,1.17,2026-09-28T17:45:00,72.0,2026-09-28T17:45:00,,,0.0,0.0,22.1,,,,,,,0.0,,,,,,,,,,,,,,,,,,,0.189,0.204,0.168,0.321,0.154,0.18,0.147,0.276,,46.0,2026-09-28T17:45:00,0.587,2026-09-28T17:45:00,59.0,2026-09-28T17:45:00,0.174,2026-09-28T17:45:00,9.0,2026-09-28T17:45:00,0.193,2026-09-28T17:45:00,30.0,2026-09-28T17:45:00,1.01,2026-09-28T17:45:00,25.0,2026-09-28T17:45:00,,,,,,,,,,,,
2026-09-28T16:11:34.383641+00:00,2.49,2026-09-28T18:00:00,2.36,2026-09-28T18:00:00,47.0,2026-09-28T18:00:00,0.0,0.0,0.0,23.1,,,1.17,2026-09-28T18:00:00,72.0,2026-09-28T18:00:00,874.57,2026-09-28T18:00:00,0.0,0.0,19.4,0.0,0.0,0.82,2026-09-28T18:00:00,54.0,2026-09-28T18:00:00,0.0,0.0,2026-09-28T17:55:00,0.0,2026-09-28T17:55:00,0.0,2026-09-28T18:00:00,0.0,0.0,0.0,0.0,0.0,0.0,0.0,0.0,0.0,0.0,0.0,0.0,0.184,0.2,0.166,0.321,0.155,0.179,0.147,0.276,2026-09-28T16:00,47.0,2026-09-28T18:00:00,0.587,2026-09-28T18:00:00,59.0,2026-09-28T18:00:00,0.229,2026-09-28T00:15:00,12.0,2026-09-28T00:15:00,0.193,2026-09-28T18:00:00,30.0,2026-09-28T18:00:00,1.01,2026-09-28T18:00:00,25.0,2026-09-28T18:00:00,2026-09-28,0.0,0.0,0.0,0.57,3.78,0.0,0.0,0.0,503.1,13.5,2026-09-28T11:00:00
2026-09-28T16:15:00+00:00,2.49,2026-09-28T18:15:00,2.36,2026-09-28T18:15:00,47.0,2026-09-28T18:15:00,0.0,0.0,0.0,23.4,,,1.3,2026-09-28T18:15:00,73.0,2026-09-28T18:15:00,,,0.0,0.0,20.1,,,,,,,0.0,,,,,,,,,,,,,,,,,,,0.188,0.203,0.168,0.321,0.154,0.18,0.147,0.276,,47.0,2026-09-28T18:15:00,0.587,2026-09-28T18:15:00,59.0,2026-09-28T18:15:00,0.174,2026-09-28T18:15:00,9.0,2026-09-28T18:15:00,0.193,2026-09-28T18:15:00,30.0,2026-09-28T18:15:00,1.01,2026-09-28T18:15:00,25.0,2026-09-28T18:15:00,,,,,,,,,,,,
2026-09-28T16:30:00+00:00,2.49,2026-09-28T18:30:00,2.36,2026-09-28T18:30:00,47.0,2026-09-28T18:30:00,0.0,0.0,0.0,23.4,,,1.3,2026-09-28T18:30:00,73.0,2026-09-28T18:30:00,,,0.0,0.0,20.1,,,,,,,0.0,,,,,,,,,,,,,,,,,,,0.188,0.203,0.168,0.321,0.154,0.18,0.147,0.276,,47.0,2026-09-28T18:30:00,0.587,2026-09-28T18:30:00,59.0,2026-09-28T18:30:00,0.174,2026-09-28T18:30:00,9.0,2026-09-28T18:30:00,0.193,2026-09-28T18:30:00,30.0,2026-09-28T18:30:00,1.01,2026-09-28T18:30:00,25.0,2026-09-28T18:30:00,,,,,,,,,,,,
2026-09-28T16:45:00+00:00,2.49,2026-09-28T18:45:00,2.36,2026-09-28T18:45:00,47.0,2026-09-28T18:45:00,0.0,0.0,0.0,23.4,,,1.3,2026-09-28T18:45:00,73.0,2026-09-28T18:45:00,,,0.0,0.0,20.1,,,,,,,0.0,,,,,,,,,,,,,,,,,,,0.188,0.203,0.168,0.321,0.154,0.18,0.147,0.276,,47.0,2026-09-28T18:45:00,0.587,2026-09-28T18:45:00,59.0,2026-09-28T18:45:00,0.174,2026-09-28T18:45:00,9.0,2026-09-28T18:45:00,0.193,2026-09-28T18:45:00,30.0,2026-09-28T18:45:00,1.01,2026-09-28T18:45:00,25.0,2026-09-28T18:45:00,,,,,,,,,,,,
2026-09-28T17:00:00+00:00,2.49,2026-09-28T19:00:00,2.36,2026-09-28T19:00:00,47.0,2026-09-28T19:00:00,0.0,0.0,0.0,20.1,,,1.3,2026-09-28T19:00:00,73.0,2026-09-28T19:00:00,,,0.0,0.0,16.2,,,,,,,0.0,,,,,,,,,,,,,,,,,,,0.188,0.203,0.168,0.321,0.154,0.18,0.147,0.276,,47.0,2026-09-28T19:00:00,0.587,2026-09-28T19:00:00,59.0,2026-09-28T19:00:00,0.174,2026-09-28T19:00:00,9.0,2026-09-28T19:00:00,0.193,2026-09-28T19:00:00,30.0,2026-09-28T19:00:00,1.01,2026-09-28T19:00:00,25.0,2026-09-28T19:00:00,,,,,,,,,,,,
2026-09-28T17:15:00+00:00,2.49,2026-09-28T19:15:00,2.5,2026-09-28T19:15:00,48.0,2026-09-28T19:15:00,0.0,0.0,0.0,20.1,,,1.3,2026-09-28T19:15:00,73.0,2026-09-28T19:15:00,,,0.0,0.0,16.2,,,,,,,0.0,,,,,,,,,,,,,,,,,,,0.188,0.203,0.168,0.321,0.154,0.18,0.147,0.276,,47.0,2026-09-28T19:15:00,0.587,2026-09-28T19:15:00,59.0,2026-09-28T19:15:00,0.174,2026-09-28T19:15:00,9.0,2026-09-28T19:15:00,0.193,2026-09-28T19:15:00,30.0,2026-09-28T19:15:00,1.01,2026-09-28T19:15:00,25.0,2026-09-28T19:15:00,,,,,,,,,,,,
2026-09-28T17:30:00+00:00,2.49,2026-09-28T19:30:00,2.5,2026-09-28T19:30:00,48.0,2026-09-28T19:30:00,0.0,0.0,0.0,20.1,,,1.3,2026-09-28T19:30:00,73.0,2026-09-28T19:30:00,,,0.0,0.0,16.2,,,,,,,0.0,,,,,,,,,,,,,,,,,,,0.188,0.203,0.168,0.321,0.154,0.18,0.147,0.276,,47.0,2026-09-28T19:30:00,0.587,2026-09-28T19:30:00,59.0,2026-09-28T19:30:00,0.174,2026-09-28T19:30:00,9.0,2026-09-28T19:30:00,0.193,2026-09-28T19:30:00,30.0,2026-09-28T19:30:00,1.01,2026-09-28T19:30:00,25.0,2026-09-28T19:30:00,,,,,,,,,,,,
2026-09-28T17:45:00+00:00,2.49,2026-09-28T19:45:00,2.5,2026-09-28T19:45:00,48.0,2026-09-28T19:45:00,0.0,0.0,0.0,20.1,,,1.3,2026-09-28T19:45:00,73.0,2026-09-28T19:45:00,,,0.0,0.0,16.2,,,,,,,0.0,,,,,,,,,,,,,,,,,,,0.188,0.203,0.168,0.321,0.154,0.18,0.147,0.276,,47.0,2026-09-28T19:45:00,0.638,2026-09-28T19:45:00,60.0,2026-09-28T19:45:00,0.174,2026-09-28T19:45:00,9.0,2026-09-28T19:45:00,0.193,2026-09-28T19:45:00,30.0,2026-09-28T19:45:00,1.01,2026-09-28T19:45:00,25.0,2026-09-28T19:45:00,,,,,,,,,,,,
2026-09-28T18:00:00+00:00,2.49,2026-09-28T20:00:00,2.5,2026-09-28T20:00:00,48.0,2026-09-28T20:00:00,0.0,0.0,0.0,18.3,,,1.3,2026-09-28T20:00:00,73.0,2026-09-28T20:00:00,,,0.0,0.0,15.3,,,,,,,0.0,,,,,,,,,,,,,,,,,,,0.177,0.196,0.165,0.321,0.134,0.171,0.147,0.276,,47.0,2026-09-28T20:00:00,0.638,2026-09-28T20:00:00,60.0,2026-09-28T20:00:00,0.174,2026-09-28T20:00:00,9.0,2026-09-28T20:00:00,0.193,2026-09-28T20:00:00,30.0,2026-09-28T20:00:00,1.01,2026-09-28T20:00:00,25.0,2026-09-28T20:00:00,,,,,,,,,,,,
2026-09-28T18:15:00+00:00,2.49,2026-09-28T20:15:00,2.5,2026-09-28T20:15:00,48.0,2026-09-28T20:15:00,0.0,0.0,0.0,18.3,,,1.3,2026-09-28T20:15:00,73.0,2026-09-28T20:15:00,,,0.0,0.0,15.3,,,,,,,0.0,,,,,,,,,,,,,,,,,,,0.177,0.196,0.165,0.321,0.134,0.171,0.147,0.276,,47.0,2026-09-28T20:15:00,0.638,2026-09-28T20:15:00,60.0,2026-09-28T20:15:00,0.174,2026-09-28T20:15:00,9.0,2026-09-28T20:15:00,0.193,2026-09-28T20:15:00,30.0,2026-09-28T20:15:00,1.01,2026-09-28T20:15:00,25.0,2026-09-28T20:15:00,,,,,,,,,,,,
2026-09-28T18:30:00+00:00,2.49,2026-09-28T20:30:00,2.5,2026-09-28T20:30:00,48.0,2026-09-28T20:30:00,0.0,0.0,0.0,18.3,,,1.3,2026-09-28T20:30:00,73.0,2026-09-28T20:30:00,,,0.0,0.0,15.3,,,,,,,0.0,,,,,,,,,,,,,,,,,,,0.177,0.196,0.165,0.321,0.134,0.171,0.147,0.276,,47.0,2026-09-28T20:30:00,0.638,2026-09-28T20:30:00,60.0,2026-09-28T20:30:00,0.174,2026-09-28T20:30:00,9.0,2026-09-28T20:30:00,0.193,2026-09-28T20:30:00,30.0,2026-09-28T20:30:00,1.01,2026-09-28T20:30:00,25.0,2026-09-28T20:30:00,,,,,,,,,,,,
2026-09-28T18:45:00+00:00,2.49,2026-09-28T20:45:00,2.5,2026-09-28T20:45:00,48.0,2026-09-28T20:45:00,0.0,0.0,0.0,18.3,,,1.3,2026-09-28T20:45:00,73.0,2026-09-28T20:45:00,,,0.0,0.0,15.3,,,,,,,0.0,,,,,,,,,,,,,,,,,,,0.177,0.196,0.165,0.321,0.134,0.171,0.147,0.276,,47.0,2026-09-28T20:45:00,0.638,2026-09-28T20:45:00,60.0,2026-09-28T20:45:00,0.174,2026-09-28T20:45:00,9.0,2026-09-28T20:45:00,0.193,2026-09-28T20:45:00,30.0,2026-09-28T20:45:00,1.01,2026-09-28T20:45:00,25.0,2026-09-28T20:45:00,,,,,,,,,,,,
2026-09-28T19:00:00+00:00,2.49,2026-09-28T21:00:00,2.5,2026-09-28T21:00:00,48.0,2026-09-28T21:00:00,0.0,0.0,0.0,18.1,,,1.3,2026-09-28T21:00:00,73.0,2026-09-28T21:00:00,,,0.0,0.0,14.5,,,,,,,0.0,,,,,,,,,,,,,,,,,,,0.177,0.196,0.165,0.321,0.134,0.171,0.147,0.276,,47.0,2026-09-28T21:00:00,0.638,2026-09-28T21:00:00,60.0,2026-09-28T21:00:00,0.174,2026-09-28T21:00:00,9.0,2026-09-28T21:00:00,0.193,2026-09-28T21:00:00,30.0,2026-09-28T21:00:00,1.1,2026-09-28T21:00:00,26.0,2026-09-28T21:00:00,,,,,,,,,,,,
2026-09-28T19:15:00+00:00,2.49,2026-09-28T21:15:00,2.5,2026-09-28T21:15:00,48.0,2026-09-28T21:15:00,0.0,0.0,0.0,18.1,,,1.17,2026-09-28T21:15:00,72.0,2026-09-28T21:15:00,,,0.0,0.0,14.5,,,,,,,0.0,,,,,,,,,,,,,,,,,,,0.177,0.196,0.165,0.321,0.134,0.171,0.147,0.276,,47.0,2026-09-28T21:15:00,0.638,2026-09-28T21:15:00,60.0,2026-09-28T21:15:00,0.174,2026-09-28T21:15:00,9.0,2026-09-28T21:15:00,0.193,2026-09-28T21:15:00,30.0,2026-09-28T21:15:00,1.1,2026-09-28T21:15:00,26.0,2026-09-28T21:15:00,,,,,,,,,,,,
2026-09-28T19:30:00+00:00,2.49,2026-09-28T21:30:00,2.5,2026-09-28T21:30:00,48.0,2026-09-28T21:30:00,0.0,0.0,0.0,18.1,,,1.17,2026-09-28T21:30:00,72.0,2026-09-28T21:30:00,,,0.0,0.0,14.5,,,,,,,0.0,,,,,,,,,,,,,,,,,,,0.177,0.196,0.165,0.321,0.134,0.171,0.147,0.276,,47.0,2026-09-28T21:30:00,0.638,2026-09-28T21:30:00,60.0,2026-09-28T21:30:00,0.174,2026-09-28T21:30:00,9.0,2026-09-28T21:30:00,0.15,2026-09-28T21:30:00,29.0,2026-09-28T21:30:00,1.1,2026-09-28T21:30:00,26.0,2026-09-28T21:30:00,,,,,,,,,,,,
2026-09-28T19:45:00+00:00,2.33,2026-09-28T21:45:00,2.5,2026-09-28T21:45:00,48.0,2026-09-28T21:45:00,0.0,0.0,0.0,18.1,,,1.17,2026-09-28T21:45:00,72.0,2026-09-28T21:45:00,,,0.0,0.0,14.5,,,,,,,0.0,,,,,,,,,,,,,,,,,,,0.177,0.196,0.165,0.321,0.134,0.171,0.147,0.276,,46.0,2026-09-28T21:45:00,0.638,2026-09-28T21:45:00,60.0,2026-09-28T21:45:00,0.174,2026-09-28T21:45:00,9.0,2026-09-28T21:45:00,0.15,2026-09-28T21:45:00,29.0,2026-09-28T21:45:00,1.1,2026-09-28T21:45:00,26.0,2026-09-28T21:45:00,,,,,,,,,,,,
2026-09-28T20:00:00+00:00,2.33,2026-09-28T22:00:00,2.5,2026-09-28T22:00:00,48.0,2026-09-28T22:00:00,0.0,0.0,0.0,17.1,,,1.17,2026-09-28T22:00:00,72.0,2026-09-28T22:00:00,,,0.0,0.0,13.8,,,,,,,0.0,,,,,,,,,,,,,,,,,,,0.177,0.196,0.165,0.321,0.134,0.171,0.147,0.276,,46.0,2026-09-28T22:00:00,0.638,2026-09-28T22:00:00,60.0,2026-09-28T22:00:00,0.174,2026-09-28T22:00:00,9.0,2026-09-28T22:00:00,0.15,2026-09-28T22:00:00,29.0,2026-09-28T22:00:00,1.1,2026-09-28T22:00:00,26.0,2026-09-28T22:00:00,,,,,,,,,,,,
2026-09-28T20:15:00+00:00,2.33,2026-09-28T22:15:00,2.5,2026-09-28T22:15:00,48.0,2026-09-28T22:15:00,0.0,0.0,0.0,17.1,,,1.17,2026-09-28T22:15:00,72.0,2026-09-28T22:15:00,,,0.0,0.0,13.8,,,,,,,0.0,,,,,,,,,,,,,,,,,,,0.177,0.196,0.165,0.321,0.134,0.171,0.147,0.276,,46.0,2026-09-28T22:15:00,0.638,2026-09-28T22:15:00,60.0,2026-09-28T22:15:00,0.174,2026-09-28T22:15:00,9.0,2026-09-28T22:15:00,0.15,2026-09-28T22:15:00,29.0,2026-09-28T22:15:00,1.1,2026-09-28T22:15:00,26.0,2026-09-28T22:15:00,,,,,,,,,,,,
2026-09-28T20:45:00+00:00,2.33,2026-09-28T22:45:00,2.5,2026-09-28T22:45:00,48.0,2026-09-28T22:45:00,0.0,0.0,0.0,17.1,,,1.17,2026-09-28T22:45:00,72.0,2026-09-28T22:45:00,,,0.0,0.0,13.8,,,,,,,0.0,,,,,,,,,,,,,,,,,,,0.177,0.196,0.165,0.321,0.134,0.171,0.147,0.276,,46.0,2026-09-28T22:45:00,0.638,2026-09-28T22:45:00,60.0,2026-09-28T22:45:00,0.174,2026-09-28T22:45:00,9.0,2026-09-28T22:45:00,0.15,2026-09-28T22:45:00,29.0,2026-09-28T22:45:00,1.1,2026-09-28T22:45:00,26.0,2026-09-28T22:45:00,,,,,,,,,,,,
2026-09-28T20:46:29.298441+00:00,2.33,2026-09-28T22:30:00,2.5,2026-09-28T22:30:00,48.0,2026-09-28T22:30:00,0.0,0.0,0.0,15.4,,,1.17,2026-09-28T22:30:00,72.0,2026-09-28T22:30:00,874.57,2026-09-28T22:30:00,0.0,0.0,16.6,0.0,0.0,0.82,2026-09-28T22:30:00,54.0,2026-09-28T22:30:00,0.0,0.0,2026-09-28T22:30:00,0.0,2026-09-28T22:25:00,0.0,2026-09-28T22:35:00,0.0,0.0,0.0,0.0,0.0,0.0,0.0,0.0,0.0,0.0,0.0,0.0,0.188,0.203,0.168,0.321,0.153,0.18,0.147,0.276,2026-09-28T20:00,46.0,2026-09-28T22:30:00,0.638,2026-09-28T22:30:00,60.0,2026-09-28T22:30:00,0.229,2026-09-28T00:15:00,12.0,2026-09-28T00:15:00,0.15,2026-09-28T22:30:00,29.0,2026-09-28T22:30:00,1.1,2026-09-28T22:30:00,26.0,2026-09-28T22:30:00,2026-09-28,0.0,0.0,0.0,0.57,3.78,0.0,0.0,0.0,503.1,13.5,2026-09-28T11:00:00
2026-09-28T21:00:00+00:00,2.33,2026-09-28T23:00:00,2.5,2026-09-28T23:00:00,48.0,2026-09-28T23:00:00,0.0,0.0,0.0,15.3,,,1.17,2026-09-28T23:00:00,72.0,2026-09-28T23:00:00,,,0.0,0.0,13.5,,,,,,,0.0,,,,,,,,,,,,,,,,,,,0.177,0.196,0.165,0.321,0.134,0.171,0.147,0.276,,46.0,2026-09-28T23:00:00,0.638,2026-09-28T23:00:00,60.0,2026-09-28T23:00:00,0.191,2026-09-28T23:00:00,10.0,2026-09-28T23:00:00,0.15,2026-09-28T23:00:00,29.0,2026-09-28T23:00:00,1.1,2026-09-28T23:00:00,26.0,2026-09-28T23:00:00,,,,,,,,,,,,
2026-09-28T21:15:00+00:00,2.33,2026-09-28T23:15:00,2.5,2026-09-28T23:15:00,48.0,2026-09-28T23:15:00,0.0,0.0,0.0,15.3,,,1.17,2026-09-28T23:15:00,72.0,2026-09-28T23:15:00,,,0.0,0.0,13.5,,,,,,,0.0,,,,,,,,,,,,,,,,,,,0.177,0.196,0.165,0.321,0.134,0.171,0.147,0.276,,46.0,2026-09-28T23:15:00,0.638,2026-09-28T23:15:00,60.0,2026-09-28T23:15:00,0.191,2026-09-28T23:15:00,10.0,2026-09-28T23:15:00,0.15,2026-09-28T23:15:00,29.0,2026-09-28T23:15:00,1.1,2026-09-28T23:15:00,26.0,2026-09-28T23:15:00,,,,,,,,,,,,
2026-09-28T21:30:00+00:00,2.33,2026-09-28T23:30:00,2.5,2026-09-28T23:30:00,48.0,2026-09-28T23:30:00,0.0,0.0,0.0,15.3,,,1.06,2026-09-28T23:30:00,71.0,2026-09-28T23:30:00,,,0.0,0.0,13.5,,,,,,,0.0,,,,,,,,,,,,,,,,,,,0.177,0.196,0.165,0.321,0.134,0.171,0.147,0.276,,46.0,2026-09-28T23:30:00,0.638,2026-09-28T23:30:00,60.0,2026-09-28T23:30:00,0.191,2026-09-28T23:30:00,10.0,2026-09-28T23:30:00,0.15,2026-09-28T23:30:00,29.0,2026-09-28T23:30:00,1.1,2026-09-28T23:30:00,26.0,2026-09-28T23:30:00,,,,,,,,,,,,
2026-09-28T21:57:00.028097+00:00,2.33,2026-09-28T23:45:00,2.5,2026-09-28T23:45:00,48.0,2026-09-28T23:45:00,0.0,0.0,0.0,11.9,,,1.06,2026-09-28T23:45:00,71.0,2026-09-28T23:45:00,874.57,2026-09-28T23:45:00,0.0,0.0,16.2,0.0,0.0,0.82,2026-09-28T23:45:00,54.0,2026-09-28T23:45:00,0.0,0.0,2026-09-28T23:45:00,0.0,2026-09-28T23:25:00,0.0,2026-09-28T23:45:00,0.0,0.0,0.0,0.0,0.0,0.0,0.0,0.0,0.0,0.0,0.0,0.0,0.188,0.203,0.168,0.321,0.153,0.18,0.147,0.276,2026-09-28T21:00,46.0,2026-09-28T23:45:00,0.638,2026-09-28T23:45:00,60.0,2026-09-28T23:45:00,0.174,2026-09-28T23:45:00,9.0,2026-09-28T23:45:00,0.15,2026-09-28T23:45:00,29.0,2026-09-28T23:45:00,1.1,2026-09-28T23:45:00,26.0,2026-09-28T23:45:00,2026-09-28,0.0,0.0,0.0,1.36,1.54,2.22,0.0,0.0,503.1,13.5,2026-09-28T11:00:00
2026-09-28T22:11:28.066559+00:00,2.33,2026-09-29T00:00:00,2.5,2026-09-29T00:00:00,48.0,2026-09-29T00:00:00,0.0,0.0,0.0,11.1,,,1.17,2026-09-29T00:00:00,72.0,2026-09-29T00:00:00,874.57,2026-09-29T00:00:00,0.0,0.0,16.1,0.0,0.0,0.82,2026-09-29T00:00:00,54.0,2026-09-29T00:00:00,0.0,0.0,2026-09-28T23:55:00,0.0,2026-09-28T23:55:00,0.0,2026-09-29T00:00:00,0.0,0.0,0.0,0.0,0.0,0.0,0.0,0.0,0.0,0.0,0.0,0.0,0.188,0.203,0.168,0.321,0.153,0.179,0.147,0.276,2026-09-29T00:00,46.0,2026-09-29T00:00:00,0.638,2026-09-29T00:00:00,60.0,2026-09-29T00:00:00,0.174,2026-09-29T00:00:00,9.0,2026-09-29T00:00:00,0.15,2026-09-29T00:00:00,29.0,2026-09-29T00:00:00,1.1,2026-09-29T00:00:00,26.0,2026-09-29T00:00:00,2026-09-29,0.0,0.0,1.36,1.54,2.22,0.0,0.0,0.0,503.1,13.5,2026-09-28T11:00:00
2026-09-28T22:18:59.101009+00:00,2.33,2026-09-29T00:15:00,2.5,2026-09-29T00:15:00,48.0,2026-09-29T00:15:00,0.0,0.0,0.0,10.7,,,1.17,2026-09-29T00:15:00,72.0,2026-09-29T00:15:00,874.57,2026-09-29T00:15:00,0.0,0.0,16.0,0.0,0.0,0.82,2026-09-29T00:15:00,54.0,2026-09-29T00:15:00,0.0,0.0,2026-09-29T00:00:00,0.0,2026-09-28T23:55:00,0.0,2026-09-29T00:10:00,0.0,0.0,0.0,0.0,0.0,0.0,0.0,0.0,0.0,0.0,0.0,0.0,0.188,0.203,0.168,0.321,0.153,0.179,0.147,0.276,2026-09-29T00:00,46.0,2026-09-29T00:15:00,0.638,2026-09-29T00:15:00,60.0,2026-09-29T00:15:00,0.191,2026-09-29T00:15:00,10.0,2026-09-29T00:15:00,0.15,2026-09-29T00:15:00,29.0,2026-09-29T00:15:00,1.1,2026-09-29T00:15:00,26.0,2026-09-29T00:15:00,2026-09-29,0.0,0.0,1.36,1.54,2.22,0.0,0.0,0.0,503.1,13.5,2026-09-28T11:00:00
2026-09-28T22:30:00+00:00,2.33,2026-09-29T00:30:00,2.5,2026-09-29T00:30:00,48.0,2026-09-29T00:30:00,0.0,0.0,0.0,14.0,,,1.17,2026-09-29T00:30:00,72.0,2026-09-29T00:30:00,,,0.0,0.0,13.5,,,,,,,0.0,,,,,,,,,,,,,,,,,,,0.177,0.196,0.165,0.321,0.134,0.171,0.147,0.276,,46.0,2026-09-29T00:30:00,0.638,2026-09-29T00:30:00,60.0,2026-09-29T00:30:00,0.174,2026-09-29T00:30:00,9.0,2026-09-29T00:30:00,0.15,2026-09-29T00:30:00,29.0,2026-09-29T00:30:00,1.1,2026-09-29T00:30:00,26.0,2026-09-29T00:30:00,,,,,,,,,,,,
2026-09-28T22:45:00+00:00,2.33,2026-09-29T00:45:00,2.5,2026-09-29T00:45:00,48.0,2026-09-29T00:45:00,0.0,0.0,0.0,14.0,,,1.17,2026-09-29T00:45:00,72.0,2026-09-29T00:45:00,,,0.0,0.0,13.5,,,,,,,0.0,,,,,,,,,,,,,,,,,,,0.177,0.196,0.165,0.321,0.134,0.171,0.147,0.276,,46.0,2026-09-29T00:45:00,0.638,2026-09-29T00:45:00,60.0,2026-09-29T00:45:00,0.174,2026-09-29T00:45:00,9.0,2026-09-29T00:45:00,0.15,2026-09-29T00:45:00,29.0,2026-09-29T00:45:00,1.1,2026-09-29T00:45:00,26.0,2026-09-29T00:45:00,,,,,,,,,,,,
2026-09-28T23:00:00+00:00,2.33,2026-09-29T01:00:00,2.5,2026-09-29T01:00:00,48.0,2026-09-29T01:00:00,0.0,0.0,0.0,12.9,,,1.06,2026-09-29T01:00:00,71.0,2026-09-29T01:00:00,,,0.0,0.0,13.4,,,,,,,0.0,,,,,,,,,,,,,,,,,,,0.177,0.196,0.165,0.321,0.134,0.171,0.147,0.276,,46.0,2026-09-29T01:00:00,0.638,2026-09-29T01:00:00,60.0,2026-09-29T01:00:00,0.174,2026-09-29T01:00:00,9.0,2026-09-29T01:00:00,0.15,2026-09-29T01:00:00,29.0,2026-09-29T01:00:00,1.1,2026-09-29T01:00:00,26.0,2026-09-29T01:00:00,,,,,,,,,,,,
2026-09-28T23:15:00+00:00,2.33,2026-09-29T01:15:00,2.5,2026-09-29T01:15:00,48.0,2026-09-29T01:15:00,0.0,0.0,0.0,12.9,,,1.06,2026-09-29T01:15:00,71.0,2026-09-29T01:15:00,,,0.0,0.0,13.4,,,,,,,0.0,,,,,,,,,,,,,,,,,,,0.177,0.196,0.165,0.321,0.134,0.171,0.147,0.276,,46.0,2026-09-29T01:15:00,0.638,2026-09-29T01:15:00,60.0,2026-09-29T01:15:00,0.174,2026-09-29T01:15:00,9.0,2026-09-29T01:15:00,0.15,2026-09-29T01:15:00,29.0,2026-09-29T01:15:00,1.1,2026-09-29T01:15:00,26.0,2026-09-29T01:15:00,,,,,,,,,,,,
2026-09-28T23:30:00+00:00,2.33,2026-09-29T01:30:00,2.5,2026-09-29T01:30:00,48.0,2026-09-29T01:30:00,0.0,0.0,0.0,12.9,,,1.06,2026-09-29T01:30:00,71.0,2026-09-29T01:30:00,,,0.0,0.0,13.4,,,,,,,0.0,,,,,,,,,,,,,,,,,,,0.177,0.196,0.165,0.321,0.134,0.171,0.147,0.276,,46.0,2026-09-29T01:30:00,0.638,2026-09-29T01:30:00,60.0,2026-09-29T01:30:00,0.174,2026-09-29T01:30:00,9.0,2026-09-29T01:30:00,0.15,2026-09-29T01:30:00,29.0,2026-09-29T01:30:00,1.1,2026-09-29T01:30:00,26.0,2026-09-29T01:30:00,,,,,,,,,,,,
2026-09-28T23:45:00+00:00,2.33,2026-09-29T01:45:00,2.5,2026-09-29T01:45:00,48.0,2026-09-29T01:45:00,0.0,0.0,0.0,12.9,,,1.06,2026-09-29T01:45:00,71.0,2026-09-29T01:45:00,,,0.0,0.0,13.4,,,,,,,0.0,,,,,,,,,,,,,,,,,,,0.177,0.196,0.165,0.321,0.134,0.171,0.147,0.276,,46.0,2026-09-29T01:45:00,0.638,2026-09-29T01:45:00,60.0,2026-09-29T01:45:00,0.191,2026-09-29T01:45:00,10.0,2026-09-29T01:45:00,0.15,2026-09-29T01:45:00,29.0,2026-09-29T01:45:00,1.1,2026-09-29T01:45:00,26.0,2026-09-29T01:45:00,,,,,,,,,,,,
2026-09-29T00:00:00+00:00,2.33,2026-09-29T02:00:00,2.5,2026-09-29T02:00:00,48.0,2026-09-29T02:00:00,0.0,0.0,0.0,11.9,,,1.06,2026-09-29T02:00:00,71.0,2026-09-29T02:00:00,,,0.0,0.0,11.2,,,,,,,0.0,,,,,,,,,,,,,,,,,,,0.19,0.204,0.162,0.321,0.149,0.182,0.147,0.276,,46.0,2026-09-29T02:00:00,0.638,2026-09-29T02:00:00,60.0,2026-09-29T02:00:00,0.191,2026-09-29T02:00:00,10.0,2026-09-29T02:00:00,0.15,2026-09-29T02:00:00,29.0,2026-09-29T02:00:00,1.1,2026-09-29T02:00:00,26.0,2026-09-29T02:00:00,,,,,,,,,,,,
2026-09-29T00:15:00+00:00,2.33,2026-09-29T02:15:00,2.5,2026-09-29T02:15:00,48.0,2026-09-29T02:15:00,0.0,0.0,0.0,11.9,,,1.06,2026-09-29T02:15:00,71.0,2026-09-29T02:15:00,,,0.0,0.0,11.2,,,,,,,0.0,,,,,,,,,,,,,,,,,,,0.19,0.204,0.162,0.321,0.149,0.182,0.147,0.276,,46.0,2026-09-29T02:15:00,0.638,2026-09-29T02:15:00,60.0,2026-09-29T02:15:00,0.174,2026-09-29T02:15:00,9.0,2026-09-29T02:15:00,0.15,2026-09-29T02:15:00,29.0,2026-09-29T02:15:00,1.1,2026-09-29T02:15:00,26.0,2026-09-29T02:15:00,,,,,,,,,,,,
2026-09-29T00:30:00+00:00,2.33,2026-09-29T02:30:00,2.5,2026-09-29T02:30:00,48.0,2026-09-29T02:30:00,0.0,0.0,0.0,11.9,,,1.06,2026-09-29T02:30:00,71.0,2026-09-29T02:30:00,,,0.0,0.0,11.2,,,,,,,0.0,,,,,,,,,,,,,,,,,,,0.19,0.204,0.162,0.321,0.149,0.182,0.147,0.276,,46.0,2026-09-29T02:30:00,0.638,2026-09-29T02:30:00,60.0,2026-09-29T02:30:00,0.174,2026-09-29T02:30:00,9.0,2026-09-29T02:30:00,0.15,2026-09-29T02:30:00,29.0,2026-09-29T02:30:00,1.1,2026-09-29T02:30:00,26.0,2026-09-29T02:30:00,,,,,,,,,,,,
2026-09-29T00:45:00+00:00,2.33,2026-09-29T02:45:00,2.5,2026-09-29T02:45:00,48.0,2026-09-29T02:45:00,0.0,0.0,0.0,11.9,,,1.06,2026-09-29T02:45:00,71.0,2026-09-29T02:45:00,,,0.0,0.0,11.2,,,,,,,0.0,,,,,,,,,,,,,,,,,,,0.19,0.204,0.162,0.321,0.149,0.182,0.147,0.276,,46.0,2026-09-29T02:45:00,0.638,2026-09-29T02:45:00,60.0,2026-09-29T02:45:00,0.174,2026-09-29T02:45:00,9.0,2026-09-29T02:45:00,0.15,2026-09-29T02:45:00,29.0,2026-09-29T02:45:00,1.1,2026-09-29T02:45:00,26.0,2026-09-29T02:45:00,,,,,,,,,,,,
2026-09-29T01:14:41.851776+00:00,2.33,2026-09-29T03:00:00,2.5,2026-09-29T03:00:00,48.0,2026-09-29T03:00:00,0.0,0.0,0.0,11.0,,,1.06,2026-09-29T03:00:00,71.0,2026-09-29T03:00:00,874.57,2026-09-29T03:00:00,0.0,0.0,15.9,0.0,0.0,0.86,2026-09-29T03:00:00,55.0,2026-09-29T03:00:00,0.0,0.0,2026-09-29T03:00:00,0.0,2026-09-29T02:55:00,0.0,2026-09-29T03:05:00,0.0,0.0,0.0,0.0,0.0,0.0,0.0,0.0,0.0,0.0,0.0,0.0,0.177,0.196,0.165,0.321,0.134,0.171,0.147,0.276,2026-09-29T01:00,46.0,2026-09-29T03:00:00,0.638,2026-09-29T03:00:00,60.0,2026-09-29T03:00:00,0.191,2026-09-29T03:00:00,10.0,2026-09-29T03:00:00,0.15,2026-09-29T03:00:00,29.0,2026-09-29T03:00:00,1.1,2026-09-29T03:00:00,26.0,2026-09-29T03:00:00,2026-09-29,0.0,0.0,1.36,1.54,2.22,0.0,0.0,0.0,503.1,13.5,2026-09-28T11:00:00
2026-09-29T01:15:00+00:00,2.33,2026-09-29T03:15:00,2.5,2026-09-29T03:15:00,48.0,2026-09-29T03:15:00,0.0,0.0,0.0,12.0,,,1.06,2026-09-29T03:15:00,71.0,2026-09-29T03:15:00,,,0.0,0.0,11.4,,,,,,,0.0,,,,,,,,,,,,,,,,,,,0.19,0.204,0.162,0.321,0.149,0.182,0.147,0.276,,46.0,2026-09-29T03:15:00,0.638,2026-09-29T03:15:00,60.0,2026-09-29T03:15:00,0.191,2026-09-29T03:15:00,10.0,2026-09-29T03:15:00,0.15,2026-09-29T03:15:00,29.0,2026-09-29T03:15:00,1.1,2026-09-29T03:15:00,26.0,2026-09-29T03:15:00,,,,,,,,,,,,
2026-09-29T01:30:00+00:00,2.65,2026-09-29T03:30:00,2.5,2026-09-29T03:30:00,48.0,2026-09-29T03:30:00,0.0,0.0,0.0,12.0,,,1.17,2026-09-29T03:30:00,72.0,2026-09-29T03:30:00,,,0.0,0.0,11.4,,,,,,,0.0,,,,,,,,,,,,,,,,,,,0.19,0.204,0.162,0.321,0.149,0.182,0.147,0.276,,48.0,2026-09-29T03:30:00,0.638,2026-09-29T03:30:00,60.0,2026-09-29T03:30:00,0.191,2026-09-29T03:30:00,10.0,2026-09-29T03:30:00,0.15,2026-09-29T03:30:00,29.0,2026-09-29T03:30:00,1.1,2026-09-29T03:30:00,26.0,2026-09-29T03:30:00,,,,,,,,,,,,
2026-09-29T01:53:33.418461+00:00,2.65,2026-09-29T03:45:00,2.5,2026-09-29T03:45:00,48.0,2026-09-29T03:45:00,0.0,0.0,0.0,10.4,,,1.17,2026-09-29T03:45:00,72.0,2026-09-29T03:45:00,874.57,2026-09-29T03:45:00,0.0,0.0,15.7,0.0,0.0,0.82,2026-09-29T03:45:00,54.0,2026-09-29T03:45:00,0.0,0.0,2026-09-29T03:40:00,0.0,2026-09-29T03:25:00,0.0,2026-09-29T03:45:00,0.0,0.0,0.0,0.0,0.0,0.0,0.0,0.0,0.0,0.0,0.0,0.0,0.177,0.196,0.165,0.321,0.134,0.171,0.147,0.276,2026-09-29T01:00,48.0,2026-09-29T03:45:00,0.638,2026-09-29T03:45:00,60.0,2026-09-29T03:45:00,0.174,2026-09-29T03:45:00,9.0,2026-09-29T03:45:00,0.15,2026-09-29T03:45:00,29.0,2026-09-29T03:45:00,1.1,2026-09-29T03:45:00,26.0,2026-09-29T03:45:00,2026-09-29,0.0,0.0,1.36,1.54,2.22,0.0,0.0,0.0,503.1,13.5,2026-09-28T11:00:00
2026-09-29T02:07:04.071499+00:00,2.65,2026-09-29T04:00:00,2.5,2026-09-29T04:00:00,48.0,2026-09-29T04:00:00,0.0,0.0,0.0,10.4,,,1.17,2026-09-29T04:00:00,72.0,2026-09-29T04:00:00,874.57,2026-09-29T04:00:00,0.0,0.0,15.8,0.0,0.0,0.791,2026-09-29T04:00:00,53.0,2026-09-29T04:00:00,0.0,0.0,2026-09-29T03:50:00,0.0,2026-09-29T03:55:00,0.0,2026-09-29T03:55:00,0.0,0.0,0.0,0.0,0.0,0.0,0.0,0.0,0.0,0.0,0.0,0.0,0.177,0.196,0.165,0.321,0.134,0.171,0.147,0.276,2026-09-29T02:00,48.0,2026-09-29T04:00:00,0.638,2026-09-29T04:00:00,60.0,2026-09-29T04:00:00,0.174,2026-09-29T04:00:00,9.0,2026-09-29T04:00:00,0.15,2026-09-29T04:00:00,29.0,2026-09-29T04:00:00,1.1,2026-09-29T04:00:00,26.0,2026-09-29T04:00:00,2026-09-29,0.0,0.0,1.36,1.54,2.22,0.0,0.0,0.0,503.1,13.5,2026-09-28T11:00:00
2026-09-29T02:22:17.508457+00:00,2.65,2026-09-29T04:15:00,2.5,2026-09-29T04:15:00,48.0,2026-09-29T04:15:00,0.0,0.0,0.0,10.3,,,1.06,2026-09-29T04:15:00,71.0,2026-09-29T04:15:00,874.57,2026-09-29T04:15:00,0.0,0.0,15.7,0.0,0.0,0.791,2026-09-29T04:15:00,53.0,2026-09-29T04:15:00,0.0,0.0,2026-09-29T04:05:00,0.0,2026-09-29T03:55:00,0.0,2026-09-29T04:10:00,0.0,0.0,0.0,0.0,0.0,0.0,0.0,0.0,0.0,0.0,0.0,0.0,0.177,0.196,0.165,0.321,0.134,0.171,0.147,0.276,2026-09-29T02:00,48.0,2026-09-29T04:15:00,0.638,2026-09-29T04:15:00,60.0,2026-09-29T04:15:00,0.174,2026-09-29T04:15:00,9.0,2026-09-29T04:15:00,0.15,2026-09-29T04:15:00,29.0,2026-09-29T04:15:00,1.1,2026-09-29T04:15:00,26.0,2026-09-29T04:15:00,2026-09-29,0.0,0.0,1.36,1.54,2.22,0.0,0.0,0.0,503.1,13.5,2026-09-28T11:00:00
2026-09-29T02:30:00+00:00,2.65,2026-09-29T04:30:00,2.5,2026-09-29T04:30:00,48.0,2026-09-29T04:30:00,0.0,0.0,0.0,11.2,,,1.06,2026-09-29T04:30:00,71.0,2026-09-29T04:30:00,,,0.0,0.0,12.2,,,,,,,0.0,,,,,,,,,,,,,,,,,,,0.19,0.204,0.162,0.321,0.149,0.182,0.147,0.276,,48.0,2026-09-29T04:30:00,0.638,2026-09-29T04:30:00,60.0,2026-09-29T04:30:00,,,,,0.15,2026-09-29T04:30:00,29.0,2026-09-29T04:30:00,1.1,2026-09-29T04:30:00,26.0,2026-09-29T04:30:00,,,,,,,,,,,,
2026-09-29T02:45:00+00:00,2.65,2026-09-29T04:45:00,2.36,2026-09-29T04:45:00,47.0,2026-09-29T04:45:00,0.0,0.0,0.0,11.2,,,1.06,2026-09-29T04:45:00,71.0,2026-09-29T04:45:00,,,0.0,0.0,12.2,,,,,,,0.0,,,,,,,,,,,,,,,,,,,0.19,0.204,0.162,0.321,0.149,0.182,0.147,0.276,,48.0,2026-09-29T04:45:00,0.638,2026-09-29T04:45:00,60.0,2026-09-29T04:45:00,,,,,0.15,2026-09-29T04:45:00,29.0,2026-09-29T04:45:00,1.1,2026-09-29T04:45:00,26.0,2026-09-29T04:45:00,,,,,,,,,,,,
2026-09-29T03:00:00+00:00,2.65,2026-09-29T05:00:00,2.5,2026-09-29T05:00:00,48.0,2026-09-29T05:00:00,0.0,0.0,0.0,10.6,,,1.06,2026-09-29T05:00:00,71.0,2026-09-29T05:00:00,,,0.0,0.0,13.2,,,,,,,0.0,,,,,,,,,,,,,,,,,,,0.19,0.204,0.162,0.321,0.149,0.182,0.147,0.276,,48.0,2026-09-29T05:00:00,0.638,2026-09-29T05:00:00,60.0,2026-09-29T05:00:00,,,,,0.15,2026-09-29T05:00:00,29.0,2026-09-29T05:00:00,1.1,2026-09-29T05:00:00,26.0,2026-09-29T05:00:00,,,,,,,,,,,,
2026-09-29T03:15:00+00:00,2.65,2026-09-29T05:15:00,2.5,2026-09-29T05:15:00,48.0,2026-09-29T05:15:00,0.0,0.0,0.0,10.6,,,1.06,2026-09-29T05:15:00,71.0,2026-09-29T05:15:00,,,0.0,0.0,13.2,,,,,,,0.0,,,,,,,,,,,,,,,,,,,0.19,0.204,0.162,0.321,0.149,0.182,0.147,0.276,,48.0,2026-09-29T05:15:00,0.638,2026-09-29T05:15:00,60.0,2026-09-29T05:15:00,,,,,0.15,2026-09-29T05:15:00,29.0,2026-09-29T05:15:00,1.1,2026-09-29T05:15:00,26.0,2026-09-29T05:15:00,,,,,,,,,,,,
2026-09-29T03:30:00+00:00,2.65,2026-09-29T05:30:00,2.36,2026-09-29T05:30:00,47.0,2026-09-29T05:30:00,0.0,0.0,0.0,10.6,,,1.06,2026-09-29T05:30:00,71.0,2026-09-29T05:30:00,,,0.0,0.0,13.2,,,,,,,0.0,,,,,,,,,,,,,,,,,,,0.19,0.204,0.162,0.321,0.149,0.182,0.147,0.276,,48.0,2026-09-29T05:30:00,0.638,2026-09-29T05:30:00,60.0,2026-09-29T05:30:00,,,,,0.15,2026-09-29T05:30:00,29.0,2026-09-29T05:30:00,1.1,2026-09-29T05:30:00,26.0,2026-09-29T05:30:00,,,,,,,,,,,,
2026-09-29T03:45:00+00:00,2.65,2026-09-29T05:45:00,2.5,2026-09-29T05:45:00,48.0,2026-09-29T05:45:00,0.0,0.0,0.0,10.6,,,1.06,2026-09-29T05:45:00,71.0,2026-09-29T05:45:00,,,0.0,0.0,13.2,,,,,,,0.0,,,,,,,,,,,,,,,,,,,0.19,0.204,0.162,0.321,0.149,0.182,0.147,0.276,,48.0,2026-09-29T05:45:00,0.638,2026-09-29T05:45:00,60.0,2026-09-29T05:45:00,,,,,0.15,2026-09-29T05:45:00,29.0,2026-09-29T05:45:00,1.1,2026-09-29T05:45:00,26.0,2026-09-29T05:45:00,,,,,,,,,,,,
2026-09-29T04:00:00+00:00,2.65,2026-09-29T06:00:00,2.36,2026-09-29T06:00:00,47.0,2026-09-29T06:00:00,0.0,0.0,0.0,10.3,,,1.06,2026-09-29T06:00:00,71.0,2026-09-29T06:00:00,,,0.0,0.0,13.3,,,,,,,0.0,,,,,,,,,,,,,,,,,,,0.19,0.204,0.162,0.321,0.149,0.182,0.147,0.276,,48.0,2026-09-29T06:00:00,0.638,2026-09-29T06:00:00,60.0,2026-09-29T06:00:00,,,,,0.15,2026-09-29T06:00:00,29.0,2026-09-29T06:00:00,1.1,2026-09-29T06:00:00,26.0,2026-09-29T06:00:00,,,,,,,,,,,,
2026-09-29T04:15:00+00:00,2.65,2026-09-29T06:15:00,2.36,2026-09-29T06:15:00,47.0,2026-09-29T06:15:00,0.0,0.0,0.0,10.3,,,1.06,2026-09-29T06:15:00,71.0,2026-09-29T06:15:00,,,0.0,0.0,13.3,,,,,,,0.0,,,,,,,,,,,,,,,,,,,0.19,0.204,0.162,0.321,0.149,0.182,0.147,0.276,,48.0,2026-09-29T06:15:00,0.638,2026-09-29T06:15:00,60.0,2026-09-29T06:15:00,,,,,0.15,2026-09-29T06:15:00,29.0,2026-09-29T06:15:00,1.1,2026-09-29T06:15:00,26.0,2026-09-29T06:15:00,,,,,,,,,,,,
2026-09-29T04:30:00+00:00,2.65,2026-09-29T06:30:00,2.5,2026-09-29T06:30:00,48.0,2026-09-29T06:30:00,0.0,0.0,0.0,10.3,,,1.06,2026-09-29T06:30:00,71.0,2026-09-29T06:30:00,,,0.0,0.0,13.3,,,,,,,0.0,,,,,,,,,,,,,,,,,,,0.19,0.204,0.162,0.321,0.149,0.182,0.147,0.276,,48.0,2026-09-29T06:30:00,0.638,2026-09-29T06:30:00,60.0,2026-09-29T06:30:00,,,,,0.15,2026-09-29T06:30:00,29.0,2026-09-29T06:30:00,1.1,2026-09-29T06:30:00,26.0,2026-09-29T06:30:00,,,,,,,,,,,,
2026-09-29T04:45:00+00:00,2.65,2026-09-29T06:45:00,2.5,2026-09-29T06:45:00,48.0,2026-09-29T06:45:00,0.0,0.0,0.0,10.3,,,1.06,2026-09-29T06:45:00,71.0,2026-09-29T06:45:00,,,0.0,0.0,13.3,,,,,,,0.0,,,,,,,,,,,,,,,,,,,0.19,0.204,0.162,0.321,0.149,0.182,0.147,0.276,,48.0,2026-09-29T06:45:00,0.638,2026-09-29T06:45:00,60.0,2026-09-29T06:45:00,,,,,0.15,2026-09-29T06:45:00,29.0,2026-09-29T06:45:00,1.1,2026-09-29T06:45:00,26.0,2026-09-29T06:45:00,,,,,,,,,,,,
2026-09-29T05:00:00+00:00,2.65,2026-09-29T07:00:00,2.36,2026-09-29T07:00:00,47.0,2026-09-29T07:00:00,0.0,0.0,0.0,10.3,,,1.06,2026-09-29T07:00:00,71.0,2026-09-29T07:00:00,,,0.0,0.0,12.5,,,,,,,0.0,,,,,,,,,,,,,,,,,,,0.19,0.204,0.162,0.321,0.149,0.182,0.147,0.276,,48.0,2026-09-29T07:00:00,0.638,2026-09-29T07:00:00,60.0,2026-09-29T07:00:00,,,,,0.15,2026-09-29T07:00:00,29.0,2026-09-29T07:00:00,1.1,2026-09-29T07:00:00,26.0,2026-09-29T07:00:00,,,,,,,,,,,,
2026-09-29T05:15:00+00:00,2.65,2026-09-29T07:15:00,2.5,2026-09-29T07:15:00,48.0,2026-09-29T07:15:00,0.0,0.0,0.0,10.3,,,1.06,2026-09-29T07:15:00,71.0,2026-09-29T07:15:00,,,0.0,0.0,12.5,,,,,,,0.0,,,,,,,,,,,,,,,,,,,0.19,0.204,0.162,0.321,0.149,0.182,0.147,0.276,,48.0,2026-09-29T07:15:00,0.638,2026-09-29T07:15:00,60.0,2026-09-29T07:15:00,,,,,0.15,2026-09-29T07:15:00,29.0,2026-09-29T07:15:00,1.1,2026-09-29T07:15:00,26.0,2026-09-29T07:15:00,,,,,,,,,,,,
2026-09-29T05:30:00+00:00,2.65,2026-09-29T07:30:00,2.5,2026-09-29T07:30:00,48.0,2026-09-29T07:30:00,0.0,0.0,0.0,10.3,,,1.06,2026-09-29T07:30:00,71.0,2026-09-29T07:30:00,,,0.0,0.0,12.5,,,,,,,0.0,,,,,,,,,,,,,,,,,,,0.19,0.204,0.162,0.321,0.149,0.182,0.147,0.276,,48.0,2026-09-29T07:30:00,0.638,2026-09-29T07:30:00,60.0,2026-09-29T07:30:00,,,,,0.15,2026-09-29T07:30:00,29.0,2026-09-29T07:30:00,1.1,2026-09-29T07:30:00,26.0,2026-09-29T07:30:00,,,,,,,,,,,,
2026-09-29T05:45:00+00:00,2.65,2026-09-29T07:45:00,2.5,2026-09-29T07:45:00,48.0,2026-09-29T07:45:00,0.0,0.0,0.0,10.3,,,1.06,2026-09-29T07:45:00,71.0,2026-09-29T07:45:00,,,0.0,0.0,12.5,,,,,,,0.0,,,,,,,,,,,,,,,,,,,0.19,0.204,0.162,0.321,0.149,0.182,0.147,0.276,,48.0,2026-09-29T07:45:00,0.638,2026-09-29T07:45:00,60.0,2026-09-29T07:45:00,,,,,0.15,2026-09-29T07:45:00,29.0,2026-09-29T07:45:00,1.1,2026-09-29T07:45:00,26.0,2026-09-29T07:45:00,,,,,,,,,,,,
2026-09-29T06:00:00+00:00,2.65,2026-09-29T08:00:00,2.5,2026-09-29T08:00:00,48.0,2026-09-29T08:00:00,0.0,0.0,0.0,11.5,,,1.06,2026-09-29T08:00:00,71.0,2026-09-29T08:00:00,,,0.0,0.0,13.2,,,,,,,0.0,,,,,,,,,,,,,,,,,,,0.19,0.204,0.162,0.321,0.149,0.182,0.147,0.276,,48.0,2026-09-29T08:00:00,0.638,2026-09-29T08:00:00,60.0,2026-09-29T08:00:00,,,,,0.15,2026-09-29T08:00:00,29.0,2026-09-29T08:00:00,1.1,2026-09-29T08:00:00,26.0,2026-09-29T08:00:00,,,,,,,,,,,,
2026-09-29T06:15:00+00:00,2.65,2026-09-29T08:15:00,2.5,2026-09-29T08:15:00,48.0,2026-09-29T08:15:00,0.0,0.0,0.0,11.5,,,1.06,2026-09-29T08:15:00,71.0,2026-09-29T08:15:00,,,0.0,0.0,13.2,,,,,,,0.0,,,,,,,,,,,,,,,,,,,0.19,0.204,0.162,0.321,0.149,0.182,0.147,0.276,,48.0,2026-09-29T08:15:00,0.638,2026-09-29T08:15:00,60.0,2026-09-29T08:15:00,,,,,0.15,2026-09-29T08:15:00,29.0,2026-09-29T08:15:00,1.1,2026-09-29T08:15:00,26.0,2026-09-29T08:15:00,,,,,,,,,,,,
2026-09-29T06:30:00+00:00,2.65,2026-09-29T08:30:00,2.5,2026-09-29T08:30:00,48.0,2026-09-29T08:30:00,0.0,0.0,0.0,11.5,,,1.06,2026-09-29T08:30:00,71.0,2026-09-29T08:30:00,,,0.0,0.0,13.2,,,,,,,0.0,,,,,,,,,,,,,,,,,,,0.19,0.204,0.162,0.321,0.149,0.182,0.147,0.276,,48.0,2026-09-29T08:30:00,0.638,2026-09-29T08:30:00,60.0,2026-09-29T08:30:00,,,,,0.15,2026-09-29T08:30:00,29.0,2026-09-29T08:30:00,1.1,2026-09-29T08:30:00,26.0,2026-09-29T08:30:00,,,,,,,,,,,,
2026-09-29T06:45:00+00:00,2.49,2026-09-29T08:45:00,2.5,2026-09-29T08:45:00,48.0,2026-09-29T08:45:00,0.0,0.0,0.0,11.5,,,1.06,2026-09-29T08:45:00,71.0,2026-09-29T08:45:00,,,0.0,0.0,13.2,,,,,,,0.0,,,,,,,,,,,,,,,,,,,0.19,0.204,0.162,0.321,0.149,0.182,0.147,0.276,,47.0,2026-09-29T08:45:00,0.638,2026-09-29T08:45:00,60.0,2026-09-29T08:45:00,,,,,0.15,2026-09-29T08:45:00,29.0,2026-09-29T08:45:00,1.01,2026-09-29T08:45:00,25.0,2026-09-29T08:45:00,,,,,,,,,,,,
2026-09-29T07:00:00+00:00,2.49,2026-09-29T09:00:00,2.5,2026-09-29T09:00:00,48.0,2026-09-29T09:00:00,0.0,0.0,0.0,15.2,,,1.06,2026-09-29T09:00:00,71.0,2026-09-29T09:00:00,,,0.0,0.0,16.7,,,,,,,0.0,,,,,,,,,,,,,,,,,,,0.19,0.204,0.162,0.321,0.149,0.181,0.147,0.276,,47.0,2026-09-29T09:00:00,0.638,2026-09-29T09:00:00,60.0,2026-09-29T09:00:00,,,,,0.193,2026-09-29T09:00:00,30.0,2026-09-29T09:00:00,1.1,2026-09-29T09:00:00,26.0,2026-09-29T09:00:00,,,,,,,,,,,,
2026-09-29T07:29:14.764050+00:00,2.49,2026-09-29T09:15:00,2.5,2026-09-29T09:15:00,48.0,2026-09-29T09:15:00,0.0,0.0,0.0,12.8,,,1.06,2026-09-29T09:15:00,71.0,2026-09-29T09:15:00,874.56,2026-09-29T09:15:00,0.0,0.0,17.9,0.0,0.0,0.82,2026-09-29T09:15:00,54.0,2026-09-29T09:15:00,0.0,0.0,2026-09-29T09:15:00,0.0,2026-09-29T08:55:00,0.0,2026-09-29T09:20:00,0.0,0.0,0.0,0.0,0.0,0.0,0.0,0.0,0.0,0.0,0.0,0.0,0.19,0.204,0.162,0.321,0.149,0.182,0.147,0.276,2026-09-29T07:00,47.0,2026-09-29T09:15:00,0.638,2026-09-29T09:15:00,60.0,2026-09-29T09:15:00,0.174,2026-09-29T04:15:00,9.0,2026-09-29T04:15:00,0.193,2026-09-29T09:15:00,30.0,2026-09-29T09:15:00,1.01,2026-09-29T09:15:00,25.0,2026-09-29T09:15:00,2026-09-29,0.0,0.0,2.17,37.6,2.28,0.96,0.0,0.07,503.1,13.5,2026-09-28T11:00:00
2026-09-29T07:30:00+00:00,2.49,2026-09-29T09:30:00,2.5,2026-09-29T09:30:00,48.0,2026-09-29T09:30:00,0.0,0.0,0.0,15.2,,,1.06,2026-09-29T09:30:00,71.0,2026-09-29T09:30:00,,,0.0,0.0,16.7,,,,,,,0.0,,,,,,,,,,,,,,,,,,,0.19,0.204,0.162,0.321,0.149,0.181,0.147,0.276,,47.0,2026-09-29T09:30:00,0.693,2026-09-29T09:30:00,61.0,2026-09-29T09:30:00,,,,,0.193,2026-09-29T09:30:00,30.0,2026-09-29T09:30:00,1.01,2026-09-29T09:30:00,25.0,2026-09-29T09:30:00,,,,,,,,,,,,
2026-09-29T07:45:00+00:00,2.49,2026-09-29T09:45:00,2.5,2026-09-29T09:45:00,48.0,2026-09-29T09:45:00,0.0,0.0,0.0,15.2,,,1.06,2026-09-29T09:45:00,71.0,2026-09-29T09:45:00,,,0.0,0.0,16.7,,,,,,,0.0,,,,,,,,,,,,,,,,,,,0.19,0.204,0.162,0.321,0.149,0.181,0.147,0.276,,47.0,2026-09-29T09:45:00,0.693,2026-09-29T09:45:00,61.0,2026-09-29T09:45:00,,,,,0.193,2026-09-29T09:45:00,30.0,2026-09-29T09:45:00,1.01,2026-09-29T09:45:00,25.0,2026-09-29T09:45:00,,,,,,,,,,,,
2026-09-29T08:00:00+00:00,2.49,2026-09-29T10:00:00,2.5,2026-09-29T10:00:00,48.0,2026-09-29T10:00:00,0.0,0.0,0.0,19.5,,,1.06,2026-09-29T10:00:00,71.0,2026-09-29T10:00:00,,,0.0,0.0,19.6,,,,,,,0.0,,,,,,,,,,,,,,,,,,,0.189,0.203,0.162,0.321,0.148,0.181,0.147,0.276,,47.0,2026-09-29T10:00:00,0.693,2026-09-29T10:00:00,61.0,2026-09-29T10:00:00,,,,,0.193,2026-09-29T10:00:00,30.0,2026-09-29T10:00:00,1.1,2026-09-29T10:00:00,26.0,2026-09-29T10:00:00,,,,,,,,,,,,
2026-09-29T08:24:22.732173+00:00,2.49,2026-09-29T10:15:00,2.5,2026-09-29T10:15:00,48.0,2026-09-29T10:15:00,0.0,0.0,0.0,17.6,,,1.06,2026-09-29T10:15:00,71.0,2026-09-29T10:15:00,874.56,2026-09-29T10:15:00,0.0,0.0,19.1,0.0,0.0,0.82,2026-09-29T10:15:00,54.0,2026-09-29T10:15:00,0.0,0.0,2026-09-29T10:10:00,0.0,2026-09-29T09:55:00,0.0,2026-09-29T10:15:00,0.0,0.0,0.0,0.0,0.0,0.0,0.0,0.0,0.0,0.0,0.0,0.0,0.19,0.204,0.162,0.321,0.149,0.182,0.147,0.276,2026-09-29T08:00,47.0,2026-09-29T10:15:00,0.693,2026-09-29T10:15:00,61.0,2026-09-29T10:15:00,0.174,2026-09-29T04:15:00,9.0,2026-09-29T04:15:00,0.193,2026-09-29T10:15:00,30.0,2026-09-29T10:15:00,1.1,2026-09-29T10:15:00,26.0,2026-09-29T10:15:00,2026-09-29,0.0,0.0,2.17,37.6,2.28,0.96,0.0,0.07,503.1,13.5,2026-09-28T11:00:00
2026-09-29T08:45:00+00:00,2.33,2026-09-29T10:45:00,2.36,2026-09-29T10:45:00,47.0,2026-09-29T10:45:00,0.0,0.0,0.0,19.5,,,1.06,2026-09-29T10:45:00,71.0,2026-09-29T10:45:00,,,0.0,0.0,19.6,,,,,,,0.0,,,,,,,,,,,,,,,,,,,0.189,0.203,0.162,0.321,0.148,0.181,0.147,0.276,,46.0,2026-09-29T10:45:00,0.693,2026-09-29T10:45:00,61.0,2026-09-29T10:45:00,,,,,0.193,2026-09-29T10:45:00,30.0,2026-09-29T10:45:00,1.1,2026-09-29T10:45:00,26.0,2026-09-29T10:45:00,,,,,,,,,,,,
2026-09-29T08:47:19.797281+00:00,2.33,2026-09-29T10:30:00,2.36,2026-09-29T10:30:00,47.0,2026-09-29T10:30:00,0.0,0.0,0.0,19.3,,,1.06,2026-09-29T10:30:00,71.0,2026-09-29T10:30:00,874.56,2026-09-29T10:30:00,0.0,0.0,19.7,0.0,0.0,0.82,2026-09-29T10:30:00,54.0,2026-09-29T10:30:00,0.0,0.0,2026-09-29T10:30:00,0.0,2026-09-29T10:25:00,0.0,2026-09-29T10:35:00,0.0,0.0,0.0,0.0,0.0,0.0,0.0,0.0,0.0,0.0,0.0,0.0,0.19,0.204,0.162,0.321,0.149,0.182,0.147,0.276,2026-09-29T08:00,46.0,2026-09-29T10:30:00,0.693,2026-09-29T10:30:00,61.0,2026-09-29T10:30:00,0.174,2026-09-29T04:15:00,9.0,2026-09-29T04:15:00,0.193,2026-09-29T10:30:00,30.0,2026-09-29T10:30:00,1.1,2026-09-29T10:30:00,26.0,2026-09-29T10:30:00,2026-09-29,0.0,0.0,2.17,37.6,2.28,0.96,0.0,0.07,503.1,13.5,2026-09-28T11:00:00
2026-09-29T09:12:51.286477+00:00,2.33,2026-09-29T11:00:00,2.36,2026-09-29T11:00:00,47.0,2026-09-29T11:00:00,0.0,0.0,0.0,20.0,,,1.06,2026-09-29T11:00:00,71.0,2026-09-29T11:00:00,874.56,2026-09-29T11:00:00,0.0,0.0,20.0,0.0,0.0,0.86,2026-09-29T11:00:00,55.0,2026-09-29T11:00:00,0.0,0.0,2026-09-29T10:55:00,0.0,2026-09-29T10:55:00,0.0,2026-09-29T11:00:00,0.0,0.0,0.0,0.0,0.0,0.0,0.0,0.0,0.0,0.0,0.0,0.0,0.19,0.204,0.162,0.321,0.149,0.181,0.147,0.276,2026-09-29T09:00,46.0,2026-09-29T11:00:00,0.693,2026-09-29T11:00:00,61.0,2026-09-29T11:00:00,0.174,2026-09-29T04:15:00,9.0,2026-09-29T04:15:00,0.193,2026-09-29T11:00:00,30.0,2026-09-29T11:00:00,1.1,2026-09-29T11:00:00,26.0,2026-09-29T11:00:00,2026-09-29,0.0,0.0,2.17,37.6,2.28,0.96,0.0,0.07,503.1,13.5,2026-09-28T11:00:00
2026-09-29T09:15:00+00:00,2.33,2026-09-29T11:15:00,2.36,2026-09-29T11:15:00,47.0,2026-09-29T11:15:00,0.0,0.0,0.0,21.3,,,1.06,2026-09-29T11:15:00,71.0,2026-09-29T11:15:00,,,0.0,0.0,20.8,,,,,,,0.0,,,,,,,,,,,,,,,,,,,0.188,0.203,0.162,0.321,0.148,0.181,0.147,0.276,,46.0,2026-09-29T11:15:00,0.693,2026-09-29T11:15:00,61.0,2026-09-29T11:15:00,,,,,0.193,2026-09-29T11:15:00,30.0,2026-09-29T11:15:00,1.1,2026-09-29T11:15:00,26.0,2026-09-29T11:15:00,,,,,,,,,,,,
2026-09-29T09:30:00+00:00,2.33,2026-09-29T11:30:00,2.5,2026-09-29T11:30:00,48.0,2026-09-29T11:30:00,0.0,0.0,0.0,21.3,,,1.06,2026-09-29T11:30:00,71.0,2026-09-29T11:30:00,,,0.0,0.0,20.8,,,,,,,0.0,,,,,,,,,,,,,,,,,,,0.188,0.203,0.162,0.321,0.148,0.181,0.147,0.276,,46.0,2026-09-29T11:30:00,0.693,2026-09-29T11:30:00,61.0,2026-09-29T11:30:00,,,,,0.193,2026-09-29T11:30:00,30.0,2026-09-29T11:30:00,1.1,2026-09-29T11:30:00,26.0,2026-09-29T11:30:00,,,,,,,,,,,,
2026-09-29T09:45:00+00:00,2.49,2026-09-29T11:45:00,2.36,2026-09-29T11:45:00,47.0,2026-09-29T11:45:00,0.0,0.0,0.0,21.3,,,1.06,2026-09-29T11:45:00,71.0,2026-09-29T11:45:00,,,0.0,0.0,20.8,,,,,,,0.0,,,,,,,,,,,,,,,,,,,0.188,0.203,0.162,0.321,0.148,0.181,0.147,0.276,,47.0,2026-09-29T11:45:00,0.693,2026-09-29T11:45:00,61.0,2026-09-29T11:45:00,,,,,0.193,2026-09-29T11:45:00,30.0,2026-09-29T11:45:00,1.1,2026-09-29T11:45:00,26.0,2026-09-29T11:45:00,,,,,,,,,,,,
2026-09-29T10:00:00+00:00,2.83,2026-09-29T12:00:00,2.36,2026-09-29T12:00:00,47.0,2026-09-29T12:00:00,0.0,0.0,0.0,22.6,,,1.06,2026-09-29T12:00:00,71.0,2026-09-29T12:00:00,,,0.0,0.0,21.7,,,,,,,0.0,,,,,,,,,,,,,,,,,,,0.187,0.203,0.162,0.321,0.147,0.181,0.147,0.276,,49.0,2026-09-29T12:00:00,0.693,2026-09-29T12:00:00,61.0,2026-09-29T12:00:00,,,,,0.193,2026-09-29T12:00:00,30.0,2026-09-29T12:00:00,1.1,2026-09-29T12:00:00,26.0,2026-09-29T12:00:00,,,,,,,,,,,,
2026-09-29T10:15:00+00:00,2.83,2026-09-29T12:15:00,2.5,2026-09-29T12:15:00,48.0,2026-09-29T12:15:00,0.0,0.0,0.0,22.6,,,1.06,2026-09-29T12:15:00,71.0,2026-09-29T12:15:00,,,0.0,0.0,21.7,,,,,,,0.0,,,,,,,,,,,,,,,,,,,0.187,0.203,0.162,0.321,0.147,0.181,0.147,0.276,,49.0,2026-09-29T12:15:00,0.693,2026-09-29T12:15:00,61.0,2026-09-29T12:15:00,,,,,0.193,2026-09-29T12:15:00,30.0,2026-09-29T12:15:00,1.1,2026-09-29T12:15:00,26.0,2026-09-29T12:15:00,,,,,,,,,,,,
2026-09-29T10:30:00+00:00,2.83,2026-09-29T12:30:00,2.36,2026-09-29T12:30:00,47.0,2026-09-29T12:30:00,0.0,0.0,0.0,22.6,,,1.06,2026-09-29T12:30:00,71.0,2026-09-29T12:30:00,,,0.0,0.0,21.7,,,,,,,0.0,,,,,,,,,,,,,,,,,,,0.187,0.203,0.162,0.321,0.147,0.181,0.147,0.276,,49.0,2026-09-29T12:30:00,0.693,2026-09-29T12:30:00,61.0,2026-09-29T12:30:00,,,,,0.193,2026-09-29T12:30:00,30.0,2026-09-29T12:30:00,1.1,2026-09-29T12:30:00,26.0,2026-09-29T12:30:00,,,,,,,,,,,,
2026-09-29T14:19:58.897565+00:00,2.33,2026-09-29T16:15:00,2.23,2026-09-29T16:15:00,46.0,2026-09-29T16:15:00,0.0,0.0,0.0,25.3,,,1.17,2026-09-29T16:15:00,72.0,2026-09-29T16:15:00,874.56,2026-09-29T16:15:00,0.0,0.0,21.2,0.0,0.0,0.791,2026-09-29T16:15:00,53.0,2026-09-29T16:15:00,0.0,0.0,2026-09-29T16:05:00,0.0,2026-09-29T15:55:00,0.0,2026-09-29T16:10:00,0.0,0.0,0.0,0.0,0.0,0.0,0.0,0.0,0.0,0.0,0.0,0.0,0.186,0.203,0.163,0.321,0.159,0.185,0.147,0.276,2026-09-29T14:00,46.0,2026-09-29T16:15:00,0.693,2026-09-29T16:15:00,61.0,2026-09-29T16:15:00,0.174,2026-09-29T04:15:00,9.0,2026-09-29T04:15:00,0.15,2026-09-29T16:15:00,29.0,2026-09-29T16:15:00,1.1,2026-09-29T16:15:00,26.0,2026-09-29T16:15:00,2026-09-29,0.0,0.0,15.83,27.13,3.02,2.05,0.0,0.07,503.1,13.5,2026-09-29T11:00:00
2026-09-29T15:45:32.757102+00:00,2.33,2026-09-29T17:30:00,2.23,2026-09-29T17:30:00,46.0,2026-09-29T17:30:00,0.0,0.0,0.0,23.4,,,1.3,2026-09-29T17:30:00,73.0,2026-09-29T17:30:00,874.56,2026-09-29T17:30:00,0.0,0.0,19.7,0.0,0.0,0.791,2026-09-29T17:30:00,53.0,2026-09-29T17:30:00,0.0,0.0,2026-09-29T17:30:00,0.0,2026-09-29T17:25:00,0.0,2026-09-29T17:35:00,0.0,0.0,0.0,0.0,0.0,0.0,0.0,0.0,0.0,0.0,0.0,0.0,0.185,0.202,0.163,0.321,0.157,0.184,0.147,0.276,2026-09-29T15:00,46.0,2026-09-29T17:30:00,0.693,2026-09-29T17:30:00,61.0,2026-09-29T17:30:00,0.174,2026-09-29T04:15:00,9.0,2026-09-29T04:15:00,0.193,2026-09-29T17:30:00,30.0,2026-09-29T17:30:00,1.1,2026-09-29T17:30:00,26.0,2026-09-29T17:30:00,2026-09-29,0.0,0.0,15.83,27.13,3.02,21.44,11.97,0.0,503.1,13.5,2026-09-29T11:00:00
